Delivery Date;"NatGas - TTF
(€/MWh)";"Thermal Coal - API2
($/t)";Carbon (€/t);EUR/USD
01/01/2015;20,4;67,11;7,34;1,2097
02/01/2015;20,7;66,93;7,34;1,2102
03/01/2015;20,3;65,53;7,09;1,2
06/01/2015;19,8;62,45;6,99;1,1931
07/01/2015;19,2;61;6,86;1,1888
08/01/2015;19,15;58,55;6,87;1,1837
09/01/2015;19,4;57,9;6,9;1,1792
10/01/2015;19,15;57,6;6,8;1,1839
13/01/2015;19,7;56,1;6,8;1,1833
14/01/2015;20,15;56,45;7,38;1,1772
15/01/2015;20,1;55,7;7,25;1,1789
16/01/2015;19,9;54,4;7,21;1,1628
17/01/2015;19,8;53,15;7,22;1,1567
20/01/2015;19,05;54,1;7,3;1,1604
21/01/2015;19,13;55,15;7,25;1,1549
22/01/2015;19,3;57;7,41;1,1608
23/01/2015;19,4;56,75;6,84;1,1365
24/01/2015;19,5;55,5;6,88;1,1207
27/01/2015;19,5;55,3;6,93;1,1237
28/01/2015;20,08;57,35;6,91;1,1381
29/01/2015;20,45;58,9;7,02;1,1286
30/01/2015;20,7;57,35;7,12;1,1319
31/01/2015;20,15;57,2;7,15;1,1286
03/02/2015;21,28;57,8;7,2;1,134
04/02/2015;21,15;59;7,13;1,1479
05/02/2015;21;58,8;7;1,1344
06/02/2015;21,65;61,35;7,07;1,1475
07/02/2015;21,1;61,8;7,02;1,1313
10/02/2015;21,85;62,9;6,99;1,1323
11/02/2015;22,5;62,15;7,18;1,1319
12/02/2015;23,5;63,9;7,31;1,1331
13/02/2015;24,5;64,4;7,47;1,1402
14/02/2015;23,85;65,1;7,71;1,1383
17/02/2015;23,2;65;7,72;1,1352
18/02/2015;22,85;63,75;7,54;1,141
19/02/2015;22,85;63,5;7,56;1,1395
20/02/2015;22,08;62,4;7,41;1,1366
21/02/2015;22,3;63;7,38;1,1378
24/02/2015;21,95;61,9;7,76;1,133
25/02/2015;22,73;61,4;7,52;1,1339
26/02/2015;23,13;62;7,45;1,1361
27/02/2015;23,95;62,45;7,12;1,1196
28/02/2015;23,9;64;7,15;1,1193
03/03/2015;23,02;62,85;7;1,1183
04/03/2015;22,05;62,73;6,78;1,1174
05/03/2015;22,45;62;7,08;1,1077
06/03/2015;21,92;62;6,8;1,1028
07/03/2015;22,45;60,35;6,85;1,0843
10/03/2015;21,9;60,6;6,73;1,085
11/03/2015;22,08;60,65;6,87;1,0697
12/03/2015;22,23;60,8;6,81;1,0545
13/03/2015;22,2;60,35;6,46;1,0635
14/03/2015;21,5;60,05;6,51;1,0493
17/03/2015;21,35;59,15;6,54;1,0566
18/03/2015;21,3;58,25;6,78;1,0597
19/03/2015;21,5;58,88;6,79;1,0865
20/03/2015;21;57,6;6,72;1,0659
21/03/2015;21;57,7;7,09;1,082
24/03/2015;21,3;58;7,09;1,0945
25/03/2015;21,7;57,8;7,08;1,0924
26/03/2015;21,35;58,2;7,01;1,0969
27/03/2015;22,2;59;6,99;1,0883
28/03/2015;21,95;59,4;6,81;1,0887
31/03/2015;22;59,25;6,93;1,0832
01/04/2015;22,4;58,8;6,97;1,073
02/04/2015;23,2;57,6;7,19;1,0762
03/04/2015;22,9;57,65;7,19;1,0881
04/04/2015;22,45;58,01;7,19;1,0976
07/04/2015;22,85;58,01;7,19;1,0921
08/04/2015;22,7;56,9;7,15;1,0813
09/04/2015;22,17;56,58;7,16;1,0779
10/04/2015;22,35;57,5;7,05;1,0658
11/04/2015;23,1;57,88;6,98;1,0602
14/04/2015;22,35;59,25;6,84;1,0566
15/04/2015;22,1;59,5;6,84;1,0652
16/04/2015;22,25;59,5;6,89;1,0684
17/04/2015;22,17;60,15;6,91;1,076
18/04/2015;21,43;59,9;6,88;1,0805
21/04/2015;21,8;59,6;7,17;1,0736
22/04/2015;21,75;59,1;7,12;1,0733
23/04/2015;21,45;58,6;7,12;1,0725
24/04/2015;21,6;58,4;7,29;1,0824
25/04/2015;21,75;59,05;7,32;1,0872
28/04/2015;21,7;59,45;7,19;1,0886
29/04/2015;21,6;59,35;7,39;1,098
30/04/2015;21,3;59,8;7,5;1,1129
01/05/2015;20,75;59,8;7,43;1,1222
02/05/2015;20,1;59,4;7,52;1,12
05/05/2015;20,8;59,69;7,62;1,1144
06/05/2015;20,2;59,2;7,59;1,1184
07/05/2015;20,25;59,45;7,57;1,1351
08/05/2015;20,2;58,8;7,47;1,1265
09/05/2015;20,33;58,8;7,57;1,1203
12/05/2015;21,1;58,35;7,66;1,1154
13/05/2015;20,9;57,7;7,63;1,1213
14/05/2015;20,7;57,75;7,68;1,1355
15/05/2015;20,73;57,38;7,59;1,1408
16/05/2015;20,4;57,53;7,62;1,1451
19/05/2015;20,7;57,2;7,63;1,1314
20/05/2015;20,55;56,7;7,4;1,1147
21/05/2015;20,53;56,7;7,38;1,1091
22/05/2015;20,53;56,3;7,33;1,1112
23/05/2015;20,45;56,75;7,34;1,1015
26/05/2015;20,55;57,09;7,39;1,0975
27/05/2015;20,55;57;7,26;1,0873
28/05/2015;20,7;57,3;7,21;1,0903
29/05/2015;20,65;57,4;7,22;1,0946
30/05/2015;20,6;57,85;7,36;1,0987
02/06/2015;20,53;57,25;7,28;1,0925
03/06/2015;20,35;57,2;7,48;1,1152
04/06/2015;20,28;57,3;7,52;1,1274
05/06/2015;20,25;56,7;7,43;1,1237
06/06/2015;20,3;56,85;7,44;1,1111
09/06/2015;20,8;56,45;7,48;1,1291
10/06/2015;20,65;57,03;7,6;1,1283
11/06/2015;20,68;57;7,62;1,1324
12/06/2015;20,25;57,4;7,54;1,1257
13/06/2015;20,23;58,7;7,64;1,1268
16/06/2015;20,3;59,25;7,55;1,1283
17/06/2015;20,55;58,85;7,45;1,1246
18/06/2015;20,33;59,1;7,5;1,1335
19/06/2015;20,4;59,2;7,48;1,1358
20/06/2015;20,63;59,1;7,44;1,1352
23/06/2015;20,8;59,8;7,5;1,134
24/06/2015;21;59,85;7,52;1,1169
25/06/2015;20,9;59,5;7,51;1,1205
26/06/2015;20,58;59,5;7,61;1,1204
27/06/2015;20,48;59,25;7,55;1,1164
30/06/2015;20,38;59,2;7,37;1,1235
01/07/2015;20,78;59,95;7,46;1,1135
02/07/2015;20,7;60;7,5;1,1052
03/07/2015;21,03;59,68;7,46;1,1083
04/07/2015;20,9;59,4;7,45;1,1112
07/07/2015;21;58,5;7,39;1,1055
08/07/2015;20,85;58,05;7,47;1,101
09/07/2015;20,55;58,1;7,46;1,1075
10/07/2015;21;58,68;7,49;1,1036
11/07/2015;20,83;58,48;7,62;1,1162
14/07/2015;21,05;58,5;7,8;1,1002
15/07/2015;21,1;58,5;7,74;1,1009
16/07/2015;21,4;58,6;7,77;1,0947
17/07/2015;21,05;58,2;7,67;1,0874
18/07/2015;21,05;58,1;7,75;1,0828
21/07/2015;21,1;58,25;7,99;1,0825
22/07/2015;21;58,25;7,97;1,0936
23/07/2015;20,83;58,5;7,97;1,0933
24/07/2015;20,5;58,175;8,09;1,0981
25/07/2015;20,45;58,3;8,02;1,0982
28/07/2015;20,55;58;8,03;1,1091
29/07/2015;20,77;57,7;8,03;1,1058
30/07/2015;20,73;57,3;8,07;1,0984
31/07/2015;20,9;57,7;7,89;1,0931
01/08/2015;20,4;57,4;7,88;1,0987
04/08/2015;20,48;56,45;7,96;1,0949
05/08/2015;19,95;56,9;7,91;1,088
06/08/2015;20,28;57,04;7,84;1,0904
07/08/2015;20,45;57,5;7,85;1,0923
08/08/2015;19,95;56,7;7,79;1,0965
11/08/2015;20,02;57,15;7,93;1,1016
12/08/2015;19,95;55,9;8,1;1,104
13/08/2015;19,55;55,6;8,2;1,1156
14/08/2015;19,65;55,6;8,2;1,1148
15/08/2015;19,55;55,4;8,33;1,1106
18/08/2015;19,5;55,15;8,25;1,108
19/08/2015;19,6;54,8;8,28;1,1018
20/08/2015;19,2;54,7;8,35;1,1117
21/08/2015;19,15;54,15;8,37;1,1241
22/08/2015;19,08;54,35;8,21;1,1387
25/08/2015;18,63;53,3;8,18;1,1618
26/08/2015;18,88;53,85;8,26;1,1514
27/08/2015;18,9;54,2;8,11;1,1315
28/08/2015;19,25;55,25;8,05;1,1243
29/08/2015;19,48;54,75;8,12;1,1179
01/09/2015;19,5;55,49;8,08;1,1211
02/09/2015;19,8;54,4;8,02;1,1317
03/09/2015;19,85;54,25;8,13;1,1226
04/09/2015;20,1;54,63;8,18;1,1121
05/09/2015;19,35;54;8,1;1,1146
08/09/2015;19,28;52,75;8,09;1,1167
09/09/2015;19,38;53,25;8,25;1,1199
10/09/2015;19,4;52,75;8,28;1,1204
11/09/2015;19,25;53,2;8,29;1,1276
12/09/2015;19,4;53,28;8,27;1,1339
15/09/2015;19,1;52,75;8,24;1,1318
16/09/2015;19;52,5;8,18;1,1266
17/09/2015;19,25;53,25;8,24;1,1289
18/09/2015;19,1;53,9;8,24;1,1435
19/09/2015;18,98;53,5;8,12;1,1305
22/09/2015;19;53,15;7,99;1,1186
23/09/2015;19,08;52,85;8,03;1,1118
24/09/2015;19,2;52,95;8,08;1,1185
25/09/2015;18,6;52,85;8,01;1,1229
26/09/2015;18,75;52,6;8;1,1194
29/09/2015;18,6;52;7,92;1,1243
30/09/2015;18,65;52,15;7,98;1,1245
01/10/2015;18,4;51,75;8,15;1,1176
02/10/2015;18;50,15;8,17;1,1194
03/10/2015;17,7;49,75;8,15;1,1209
06/10/2015;17,75;51;8,21;1,1185
07/10/2015;18,15;51,13;8,22;1,1268
08/10/2015;18,42;51,6;8,11;1,1235
09/10/2015;18,67;51;8,13;1,1278
10/10/2015;18,75;51,33;8,35;1,1354
13/10/2015;18,68;51,68;8,3;1,1355
14/10/2015;18,4;50,93;8,33;1,1376
15/10/2015;18,25;51,65;8,44;1,1473
16/10/2015;18,5;50,75;8,43;1,1382
17/10/2015;18,33;50,95;8,39;1,1346
20/10/2015;18,75;50,65;8,35;1,1324
21/10/2015;18,35;50,85;8,47;1,1344
22/10/2015;18,25;50,9;8,45;1,1336
23/10/2015;18,3;50,9;8,48;1,1106
24/10/2015;18,25;51;8,63;1,1014
27/10/2015;17,9;52,78;8,66;1,1056
28/10/2015;17,98;52,15;8,61;1,1048
29/10/2015;18;52,5;8,57;1,092
30/10/2015;18,15;52,65;8,68;1,0976
31/10/2015;17,83;53,25;8,64;1,1005
03/11/2015;17,7;51,8;8,6;1,1013
04/11/2015;17,5;51,75;8,45;1,0966
05/11/2015;17,4;51;8,4;1,0862
06/11/2015;17,08;51;8,47;1,0881
07/11/2015;17,2;51,25;8,41;1,0738
10/11/2015;16,48;51,25;8,32;1,0749
11/11/2015;16,63;51;8,44;1,0723
12/11/2015;16,35;51,05;8,44;1,0743
13/11/2015;16,2;51,35;8,37;1,0817
14/11/2015;15,98;51,35;8,39;1,0777
17/11/2015;16,8;51,8;8,53;1,0684
18/11/2015;17,05;52,1;8,61;1,0641
19/11/2015;17,3;52,6;8,58;1,0658
20/11/2015;17,4;52,5;8,63;1,0732
21/11/2015;17,5;51,65;8,51;1,0643
24/11/2015;17,6;50,65;8,56;1,0634
25/11/2015;17,7;50,7;8,65;1,064
26/11/2015;17,88;50,5;8,62;1,0626
27/11/2015;17,7;50,2;8,58;1,0609
28/11/2015;17,7;50,4;8,58;1,059
01/12/2015;18,2;49,7;8,58;1,0563
02/12/2015;17,95;48,5;8,56;1,0631
03/12/2015;17,85;48,05;8,48;1,0611
04/12/2015;17,15;47,2;8,59;1,0938
05/12/2015;17,15;46,75;8,52;1,0884
08/12/2015;16,78;46;8,41;1,0835
09/12/2015;16,75;45,68;8,41;1,0893
10/12/2015;16,65;46,2;8,4;1,1025
11/12/2015;16,5;46,4;8,36;1,094
12/12/2015;16,23;46,05;8,07;1,0987
15/12/2015;16,08;46,5;8,07;1,099
16/12/2015;15,95;46,8;8,26;1,0927
17/12/2015;15,25;46,86;8,2;1,0911
18/12/2015;15,5;46,93;8,14;1,0825
19/12/2015;14,9;46,33;8,13;1,0865
22/12/2015;14,35;46,92;8,26;1,0912
23/12/2015;13,85;46,56;8,32;1,0954
24/12/2015;13,93;47,03;8,29;1,0909
25/12/2015;14,2;47,37;8,26;1,0969
26/12/2015;14,2;47,37;8,26;1,0973
29/12/2015;14,42;47,39;8,38;1,0965
30/12/2015;15,4;47,64;8,34;1,0917
31/12/2015;14,3;47,83;8,28;1,0929
01/01/2016;14,4;47,4;8,29;1,086
02/01/2016;14,62;46,63;8,29;1,0858
05/01/2016;14,68;46,55;8,11;1,0829
06/01/2016;14,7;46,1;8,06;1,0746
07/01/2016;15,18;46,9;7,81;1,0778
08/01/2016;15,38;47,5;7,6;1,0934
09/01/2016;14,57;46,1;7,46;1,0929
12/01/2016;14,48;45,7;7,17;1,0859
13/01/2016;14,05;45;7,15;1,0854
14/01/2016;14,25;44,5;7,29;1,0873
15/01/2016;13,82;44,35;7,13;1,0864
16/01/2016;13,43;43,95;6,72;1,0914
19/01/2016;13,63;43,53;6,76;1,089
20/01/2016;13,7;43,8;6,86;1,0905
21/01/2016;13,05;44,75;6,36;1,0889
22/01/2016;12,98;44,8;6,21;1,0872
23/01/2016;13,5;45,6;6,36;1,0794
26/01/2016;12,77;44,8;5,91;1,0847
27/01/2016;13,05;45;6,1;1,0869
28/01/2016;13,4;45,45;5,93;1,0891
29/01/2016;13,75;45,4;6,09;1,0937
30/01/2016;13;45;6,07;1,0834
02/02/2016;12,82;43,9;5,71;1,0886
03/02/2016;13,05;44;5,84;1,0916
04/02/2016;13,15;45,2;5,64;1,1103
05/02/2016;12,45;44,5;5,62;1,1206
06/02/2016;12,7;43,55;5,57;1,1156
09/02/2016;12,25;42,95;5,25;1,1195
10/02/2016;12,18;43;4,97;1,1291
11/02/2016;12,18;42,95;4,89;1,1289
12/02/2016;12;42,85;4,75;1,1321
13/02/2016;12,15;43,15;5,07;1,1258
16/02/2016;12,5;43,25;4,81;1,1153
17/02/2016;12,58;42,8;4,7;1,1141
18/02/2016;12,32;42,95;5,1;1,1127
19/02/2016;12,35;43,15;5,26;1,1103
20/02/2016;12,23;44;5,17;1,1132
23/02/2016;12,65;45,55;5,42;1,1026
24/02/2016;12,7;46;4,91;1,1017
25/02/2016;12,48;45,6;4,87;1,1011
26/02/2016;12,27;45;5,08;1,1021
27/02/2016;12,25;44,75;5;1,0931
01/03/2016;12,75;44,2;5,01;1,0871
02/03/2016;12,55;43,9;5;1,0864
03/03/2016;12,6;43,75;4,97;1,0866
04/03/2016;12,5;44,33;4,9;1,0955
05/03/2016;12,28;45,5;4,93;1,1001
08/03/2016;12,48;46,7;5,1;1,1012
09/03/2016;12,35;45,95;5,03;1,1009
10/03/2016;12,3;45,7;5,09;1,0997
11/03/2016;12,13;45,95;4,92;1,1176
12/03/2016;12,4;46;5;1,115
15/03/2016;12,33;45,28;4,88;1,1104
16/03/2016;12,25;44;4,87;1,1108
17/03/2016;12,4;45;4,97;1,1222
18/03/2016;12,38;46,5;5,01;1,1317
19/03/2016;12,28;46,75;4,95;1,1267
22/03/2016;12;46,3;4,88;1,1239
23/03/2016;12,15;45,25;4,83;1,1214
24/03/2016;12,05;44,55;4,81;1,1183
25/03/2016;11,95;45,01;4,86;1,1173
26/03/2016;12,13;44,95;4,86;1,1163
29/03/2016;12,22;44,95;4,86;1,1193
30/03/2016;11,93;44,38;4,79;1,1289
31/03/2016;12,1;44,55;4,97;1,1336
01/04/2016;12,4;44,9;5,22;1,1378
02/04/2016;11,53;44,85;5,18;1,1386
05/04/2016;11,4;44,38;5,33;1,139
06/04/2016;11,35;43,85;5,24;1,1382
07/04/2016;11,32;44,5;5,31;1,1397
08/04/2016;11,43;43,8;5,28;1,1375
09/04/2016;11,2;44,1;5,42;1,1399
12/04/2016;10,95;44,6;5,58;1,1406
13/04/2016;11,5;44,55;5,59;1,1384
14/04/2016;11,35;44,58;5,54;1,1272
15/04/2016;11,28;46;5,61;1,1266
16/04/2016;11,27;46,6;5,48;1,128
19/04/2016;11,77;47,5;5,47;1,1312
20/04/2016;11,93;47,81;5,57;1,1356
21/04/2016;11,95;46,75;5,55;1,1295
22/04/2016;12,78;45,25;5,75;1,1286
23/04/2016;13,28;46,2;5,97;1,123
26/04/2016;13,25;46,4;5,9;1,1263
27/04/2016;14,38;46,94;6,62;1,1298
28/04/2016;14,45;46,35;6,84;1,1319
29/04/2016;13,08;46,25;6,34;1,1351
30/04/2016;12,9;45,8;6,18;1,1454
03/05/2016;12,65;46,33;6,11;1,1529
04/05/2016;12,18;45,7;5,99;1,1495
05/05/2016;12,3;45,75;6,13;1,1485
06/05/2016;12,6;46,13;6,2;1,1404
07/05/2016;12,75;47,5;5,86;1,1402
10/05/2016;12,95;47,7;5,7;1,1381
11/05/2016;12,82;47,5;5,9;1,1368
12/05/2016;13;48,5;6,02;1,1425
13/05/2016;12,73;48,6;5,81;1,1375
14/05/2016;12,9;48,5;5,85;1,1305
17/05/2016;13,1;49,21;6,11;1,1316
18/05/2016;13,07;49,45;6,05;1,1311
19/05/2016;13,15;48,85;6,06;1,1215
20/05/2016;12,9;48,1;6;1,1202
21/05/2016;12,85;48,35;5,97;1,1222
24/05/2016;12,83;48,2;5,74;1,1216
25/05/2016;13,02;48,2;5,8;1,114
26/05/2016;13,18;49,25;5,87;1,1153
27/05/2016;13,6;50,2;6,03;1,1192
28/05/2016;14,1;51,06;6,04;1,1114
31/05/2016;14,04;51,2;6,12;1,1144
01/06/2016;14,18;51,05;6,1;1,1129
02/06/2016;14,35;50,3;5,97;1,1185
03/06/2016;14,68;50,75;6,03;1,1149
04/06/2016;14,3;52,3;5,95;1,1365
07/06/2016;14,6;52,3;6,21;1,1351
08/06/2016;14,93;53,15;6,12;1,1356
09/06/2016;14,53;52,43;6,11;1,1392
10/06/2016;14,32;51,25;6,12;1,1314
11/06/2016;13,85;50,9;5,96;1,1249
14/06/2016;13,78;50,95;5,86;1,129
15/06/2016;14,13;51,25;5,86;1,1206
16/06/2016;14,1;52,15;5,91;1,1257
17/06/2016;14,27;53,28;5,71;1,1223
18/06/2016;14,35;54,25;5,67;1,1274
21/06/2016;15;57;5,86;1,131
22/06/2016;14,82;55,7;5,56;1,124
23/06/2016;15,05;56,2;5,69;1,1295
24/06/2016;15,15;56,39;5,65;1,1385
25/06/2016;14,45;55;4,96;1,1115
28/06/2016;14,05;53;4,77;1,1022
29/06/2016;14,13;53,75;4,69;1,1065
30/06/2016;14,33;54,05;4,52;1,1123
01/07/2016;14;55,05;4,47;1,1104
02/07/2016;14,35;57,14;4,62;1,1135
05/07/2016;14,4;56,68;4,97;1,1154
06/07/2016;14,15;58,4;4,71;1,1075
07/07/2016;14,07;57;4,59;1,1099
08/07/2016;14,3;57,73;4,58;1,1059
09/07/2016;14;58,07;4,55;1,1052
12/07/2016;13,88;58;4,43;1,1056
13/07/2016;14,3;59;4,63;1,1057
14/07/2016;14,2;59,88;4,79;1,1088
15/07/2016;14,25;61,25;4,78;1,1118
16/07/2016;14,2;61,1;4,93;1,1034
19/07/2016;14,15;61,63;4,85;1,1071
20/07/2016;14,25;60,33;4,67;1,1021
21/07/2016;14,52;58,55;4,69;1,1013
22/07/2016;14,8;58,5;4,66;1,1023
23/07/2016;14,55;58,85;4,57;1,0973
26/07/2016;14,63;58,8;4,6;1,099
27/07/2016;14,5;59,95;4,52;1,0986
28/07/2016;14,23;60,75;4,54;1,1055
29/07/2016;13,8;61,41;4,49;1,1074
30/07/2016;13,55;61,78;4,43;1,117
02/08/2016;13,65;63,16;4,38;1,1159
03/08/2016;13,5;62,9;4,42;1,1225
04/08/2016;13,15;62,05;4,64;1,1147
05/08/2016;13,35;61;4,7;1,1128
06/08/2016;12,45;58,75;4,73;1,1085
09/08/2016;12,52;59,15;4,95;1,109
10/08/2016;12,65;61,65;4,88;1,1117
11/08/2016;12,68;61,48;4,77;1,1174
12/08/2016;12;61,78;4,88;1,1135
13/08/2016;11,7;62,45;4,9;1,1158
16/08/2016;11,15;63,6;4,81;1,1183
17/08/2016;11,5;62,86;4,7;1,1276
18/08/2016;11,6;62,89;4,49;1,1286
19/08/2016;11,43;62,09;4,69;1,1352
20/08/2016;10,58;60;4,77;1,1325
23/08/2016;11,05;60;4,9;1,1315
24/08/2016;11,35;60,3;4,71;1,1303
25/08/2016;11,05;59,05;4,61;1,1261
26/08/2016;11,1;58,18;4,71;1,1279
27/08/2016;11,5;59,5;4,7;1,1195
30/08/2016;12,05;60,16;4,7;1,1188
31/08/2016;11,8;59,88;4,55;1,1141
01/09/2016;11,75;61,4;4,47;1,1156
02/09/2016;11,88;63,02;4,38;1,1196
03/09/2016;12,25;63,28;4,08;1,1153
06/09/2016;12,1;63,93;3,93;1,1144
07/09/2016;11,9;64,16;4,13;1,1252
08/09/2016;11,2;63,2;4,01;1,1237
09/09/2016;11,18;61,91;4,08;1,1258
10/09/2016;11,15;61,45;4,08;1,1229
13/09/2016;10,7;61,1;4,03;1,1232
14/09/2016;11,05;62,05;4,03;1,1217
15/09/2016;10,93;63,15;3,98;1,1249
16/09/2016;11,65;64,01;4,14;1,1241
17/09/2016;11,88;64,1;4,36;1,1153
20/09/2016;13,4;64,5;4,4;1,1173
21/09/2016;12,43;64,58;4,16;1,1152
22/09/2016;13,1;65,85;4,21;1,1185
23/09/2016;13,18;66,63;4,42;1,1207
24/09/2016;13,5;66,99;4,54;1,1222
27/09/2016;13,45;67,94;4,62;1,1253
28/09/2016;12,85;67,89;4,43;1,1213
29/09/2016;13,5;70;4,95;1,1214
30/09/2016;13,55;71,68;5,02;1,1221
01/10/2016;13,48;70,63;4,96;1,1238
04/10/2016;12,5;72,78;5,31;1,1209
05/10/2016;13,82;73,65;5,21;1,1202
06/10/2016;15,1;74,41;5,48;1,1202
07/10/2016;15,38;76,7;5,86;1,1149
08/10/2016;15,45;76,25;5,69;1,1199
11/10/2016;15,55;75,5;5,66;1,1137
12/10/2016;15,55;74,03;5,43;1,1053
13/10/2016;15,35;74,55;5,52;1,1006
14/10/2016;15,65;75,3;5,65;1,1056
15/10/2016;15,5;75,7;5,81;1,0969
18/10/2016;16;75,7;5,87;1,0997
19/10/2016;16,75;83,5;5,95;1,0978
20/10/2016;16,95;81,2;5,67;1,0972
21/10/2016;17,05;80,5;5,58;1,0928
22/10/2016;17;80,95;5,89;1,0882
25/10/2016;17,35;84,3;5,81;1,088
26/10/2016;17,7;84,5;5,81;1,0886
27/10/2016;17,27;85;5,94;1,0907
28/10/2016;17,35;84,06;5,81;1,0894
29/10/2016;16,9;82,64;5,88;1,0983
01/11/2016;17,8;84,06;5,9;1,0979
02/11/2016;18,05;85,2;6,03;1,1053
03/11/2016;19,15;84,6;6,24;1,1094
04/11/2016;18,8;85,5;6,5;1,1103
05/11/2016;18,25;86,2;6,41;1,1135
08/11/2016;17,88;89;6,23;1,1038
09/11/2016;17,85;87,54;6,15;1,1023
10/11/2016;18,02;90,5;6,13;1,0909
11/11/2016;18,1;90,5;5,92;1,0889
12/11/2016;18,18;87,5;5,67;1,085
15/11/2016;17,6;89;5,41;1,0734
16/11/2016;17,92;86;5,74;1,072
17/11/2016;17,45;84,5;5,55;1,0685
18/11/2016;17,78;80,5;5,9;1,0625
19/11/2016;17,98;79;5,58;1,0585
22/11/2016;17,3;78,7;5,48;1,0627
23/11/2016;17,65;80,2;5,51;1,0624
24/11/2016;17,73;81,08;5,39;1,0556
25/11/2016;17,88;82;5,34;1,0552
26/11/2016;17,78;82,18;5;1,0584
29/11/2016;18,4;84,08;4,74;1,0613
30/11/2016;18,4;85,65;4,56;1,0647
01/12/2016;18,2;86,25;4,58;1,0585
02/12/2016;18,08;78,27;4,46;1,066
03/12/2016;17,6;78,26;4,3;1,067
06/12/2016;16,92;75,13;4,37;1,0762
07/12/2016;16,48;72;4,5;1,0717
08/12/2016;16,43;69,25;4,3;1,0751
09/12/2016;16,6;72,16;4,61;1,0615
10/12/2016;16,6;75,5;4,46;1,0559
13/12/2016;17,2;77,51;4,87;1,0634
14/12/2016;17,3;78,75;4,79;1,0625
15/12/2016;17;80,25;5,01;1,0535
16/12/2016;17;80,95;4,84;1,0412
17/12/2016;17,5;82,25;4,93;1,0447
20/12/2016;17,8;81,5;5,09;1,0402
21/12/2016;17,73;82,8;5,25;1,0385
22/12/2016;17,95;82,75;5,82;1,0423
23/12/2016;18,13;82,38;6,09;1,0435
24/12/2016;18,4;84;6,24;1,0454
27/12/2016;18,4;83,91;6,24;1,0453
28/12/2016;18,6;83,91;6,34;1,0455
29/12/2016;18,78;84,48;6,34;1,0407
30/12/2016;18,92;86,5;6,37;1,049
31/12/2016;19,75;86,85;6,57;1,0513
03/01/2017;19,4;80,12;6,14;1,0457
04/01/2017;18,5;78,25;5,44;1,0404
05/01/2017;19,38;78;5,73;1,0486
06/01/2017;18,77;78,8;5,3;1,0603
07/01/2017;18,65;79,07;5,05;1,053
10/01/2017;19,2;78,33;5,28;1,0572
11/01/2017;20,1;79;5,52;1,0553
12/01/2017;20,6;82,45;5,53;1,058
13/01/2017;20,8;85;5,05;1,061
14/01/2017;20,17;85,5;5,05;1,0641
17/01/2017;19,08;84;4,7;1,06
18/01/2017;20,05;87,75;5;1,0712
19/01/2017;20,05;88,15;4,84;1,063
20/01/2017;20,67;86,28;5,2;1,0663
21/01/2017;20,75;85,41;5,43;1,0699
24/01/2017;22,2;87,5;5,33;1,0761
25/01/2017;21,83;86,5;5,09;1,073
26/01/2017;20,65;84,25;4,98;1,0744
27/01/2017;20,25;82,73;5,2;1,068
28/01/2017;19,7;81,15;4,92;1,0694
31/01/2017;20,7;81,5;5,17;1,0692
01/02/2017;21,2;85,5;5,36;1,0795
02/02/2017;22,27;81,5;5,28;1,0767
03/02/2017;22;81;5,23;1,0758
04/02/2017;23;81,3;5,16;1,0781
07/02/2017;23;80,25;5,1;1,0749
08/02/2017;21,88;80,2;5,17;1,068
09/02/2017;20,55;79,35;5,22;1,0697
10/02/2017;20,6;79,5;5,29;1,0654
11/02/2017;20,1;77,5;5,12;1,0638
14/02/2017;19,08;75,25;4,9;1,0597
15/02/2017;18,6;74,9;5,13;1,0577
16/02/2017;18,8;76;5,07;1,0598
17/02/2017;18,9;77;4,94;1,0672
18/02/2017;18,23;78,08;4,98;1,0611
21/02/2017;18,15;79,75;5,09;1,0609
22/02/2017;17,77;81,08;5,05;1,0535
23/02/2017;17,8;80,2;5,07;1,0555
24/02/2017;18,45;80,75;5,35;1,0579
25/02/2017;17,55;80;5,39;1,056
28/02/2017;17,23;79;5,2;1,0585
01/03/2017;17,1;78,58;5,24;1,0575
02/03/2017;17,15;75,25;5,91;1,0546
03/03/2017;17,02;75,53;5,47;1,0506
04/03/2017;16,7;73,35;5,6;1,062
07/03/2017;16,83;73,6;5,49;1,0578
08/03/2017;16,4;72,93;5,38;1,0565
09/03/2017;16,45;72,25;5,24;1,0539
10/03/2017;16,05;72;5,13;1,0575
11/03/2017;16;72,35;5,17;1,0669
14/03/2017;15,83;72,75;5,16;1,0653
15/03/2017;15,95;73;5,11;1,0602
16/03/2017;15,77;72;5,2;1,0732
17/03/2017;15,73;72,03;5,15;1,0764
18/03/2017;15,7;72,13;5,14;1,0736
21/03/2017;15,4;71;4,99;1,0737
22/03/2017;15,52;70,5;4,94;1,0808
23/03/2017;15,45;69,45;4,97;1,0795
24/03/2017;15,2;70,5;4,98;1,078
25/03/2017;14,9;70,5;4,77;1,0797
28/03/2017;14,73;69,95;4,63;1,0864
29/03/2017;14,6;69,25;4,74;1,0812
30/03/2017;15;70,8;4,76;1,0766
31/03/2017;15,68;71,1;4,92;1,0674
01/04/2017;15,32;72,35;4,69;1,0649
04/04/2017;16,1;75,5;4,87;1,0668
05/04/2017;16,05;76,1;4,65;1,0672
06/04/2017;16,3;76,19;4,82;1,0662
07/04/2017;15,98;76,73;5,06;1,0642
08/04/2017;15,6;76;4,89;1,0588
11/04/2017;15,6;75,26;4,79;1,0593
12/04/2017;15,65;73,7;4,87;1,0602
13/04/2017;15,73;73,1;4,93;1,0664
14/04/2017;15,7;73,53;4,95;1,0612
15/04/2017;15,7;74,15;4,95;1,0609
18/04/2017;15,97;74,15;4,95;1,064
19/04/2017;16,4;73,5;4,86;1,0732
20/04/2017;16,25;74;4,83;1,0709
21/04/2017;16,1;74,54;4,75;1,0714
22/04/2017;16,58;74,5;4,57;1,0726
25/04/2017;16,27;73,75;4,64;1,0867
26/04/2017;16,08;73,2;4,5;1,0925
27/04/2017;16,4;73,78;4,61;1,0903
28/04/2017;16,15;74,15;4,55;1,0872
29/04/2017;16,55;74,63;4,57;1,0895
02/05/2017;16,72;74,35;4,57;1,0898
03/05/2017;16,7;73,5;4,45;1,0927
04/05/2017;16,6;73,63;4,4;1,0882
05/05/2017;16,1;72,75;4,52;1,0984
06/05/2017;16;72,6;4,58;1,0995
09/05/2017;15,82;71,65;4,42;1,0922
10/05/2017;15,85;70,85;4,52;1,0872
11/05/2017;15,95;71,9;4,45;1,0866
12/05/2017;15,3;71,53;4,35;1,0861
13/05/2017;15,58;71,75;4,46;1,0928
16/05/2017;15,48;72,03;4,39;1,0973
17/05/2017;15,57;72,75;4,54;1,1082
18/05/2017;15,5;74;4,58;1,1158
19/05/2017;15,6;74,3;4,76;1,1101
20/05/2017;15,3;76,2;4,85;1,1204
23/05/2017;15,25;75,3;4,91;1,1236
24/05/2017;15,55;76,7;4,75;1,1182
25/05/2017;15,2;76,5;4,91;1,1217
26/05/2017;15;76,48;4,98;1,1209
27/05/2017;15,1;76,08;5,19;1,1182
30/05/2017;15,34;76,62;5,17;1,1164
31/05/2017;15,58;77,7;5,14;1,1183
01/06/2017;15,3;77,15;4,98;1,1241
02/06/2017;15,07;75,95;5,08;1,1211
03/06/2017;14,65;77,08;5,16;1,128
06/06/2017;15,05;77,9;5,17;1,1252
07/06/2017;14,85;77,55;4,97;1,1275
08/06/2017;14,98;77,4;4,88;1,1255
09/06/2017;15,08;77,85;5,05;1,1212
10/06/2017;15,07;78,68;5,04;1,1192
13/06/2017;15,13;78,13;4,92;1,12
14/06/2017;15,18;77,9;5,01;1,1214
15/06/2017;15,1;77,35;4,94;1,1217
16/06/2017;14,7;77,65;4,96;1,1143
17/06/2017;15,18;78,18;4,88;1,1197
20/06/2017;15,38;78,75;4,93;1,1148
21/06/2017;15,38;79,6;4,95;1,1134
22/06/2017;15,38;79,01;4,88;1,1166
23/06/2017;15,23;78,7;4,86;1,115
24/06/2017;15,07;78,73;4,87;1,1192
27/06/2017;15,4;79,3;4,78;1,1179
28/06/2017;15,32;78,98;4,94;1,1337
29/06/2017;15,43;80;4,94;1,1376
30/06/2017;14,98;79,5;5,07;1,144
01/07/2017;15,35;80,15;5,03;1,1423
04/07/2017;15,8;80;5,14;1,136
05/07/2017;15,35;80,24;5,12;1,1342
06/07/2017;15,35;81,9;5,04;1,1352
07/07/2017;15,13;84;5,24;1,1422
08/07/2017;15,02;83,5;5,34;1,14
11/07/2017;15,03;83;5,4;1,1399
12/07/2017;14,7;82,7;5,33;1,1465
13/07/2017;14,75;82,43;5,48;1,141
14/07/2017;15,05;81,85;5,36;1,1395
15/07/2017;15;81,4;5,42;1,1467
18/07/2017;14,9;81,88;5,44;1,1478
19/07/2017;14,98;83,08;5,46;1,1552
20/07/2017;15,03;82;5,39;1,1514
21/07/2017;15,3;82,5;5,3;1,1629
22/07/2017;15,07;82,89;5,09;1,1661
25/07/2017;14,95;81,75;5,14;1,1638
26/07/2017;15,1;82,3;5,16;1,1651
27/07/2017;15,4;82,63;5,25;1,1732
28/07/2017;15,05;81,85;5,14;1,1676
29/07/2017;15;81,85;5,18;1,175
01/08/2017;15,05;83,38;5,23;1,184
02/08/2017;14,75;82,58;5,3;1,1801
03/08/2017;14,93;81,45;5,43;1,1854
04/08/2017;15,13;81,76;5,43;1,1868
05/08/2017;15,18;83,28;5,35;1,1768
08/08/2017;15,55;83,6;5,27;1,1793
09/08/2017;15,48;83,45;5,27;1,1749
10/08/2017;15,88;83,75;5,37;1,1757
11/08/2017;16,15;84,5;5,37;1,177
12/08/2017;16,2;84,5;5,39;1,182
15/08/2017;15,83;86;5,52;1,1778
16/08/2017;15,8;85,13;5,53;1,1733
17/08/2017;16,2;85,13;5,8;1,1768
18/08/2017;16,1;85,13;5,81;1,1723
19/08/2017;16,4;85,13;5,82;1,176
22/08/2017;16,3;85,13;5,75;1,1814
23/08/2017;16,25;86,4;5,78;1,176
24/08/2017;16,58;86,76;5,95;1,1805
25/08/2017;16,3;87,1;5,95;1,1797
26/08/2017;16,45;88,5;6,09;1,1924
29/08/2017;16,77;88,5;6,1;1,1977
30/08/2017;16,45;89,5;6,04;1,1972
31/08/2017;16,83;89;6,03;1,1881
01/09/2017;16,33;87,63;5,94;1,1908
02/09/2017;16,48;86,7;5,83;1,1857
05/09/2017;16,52;86,75;5,92;1,1895
06/09/2017;16,95;87,63;6,5;1,1912
07/09/2017;17;88,53;6,7;1,1915
08/09/2017;16,7;88,5;6,9;1,2021
09/09/2017;17,05;88,85;7,07;1,2033
12/09/2017;17,23;90,3;6,88;1,1951
13/09/2017;17,25;90,08;6,87;1,1965
14/09/2017;17,68;90,95;7,1;1,1885
15/09/2017;17,98;93,38;7,1;1,1918
16/09/2017;17,8;93,4;6,95;1,1941
19/09/2017;18;92,7;6,73;1,1952
20/09/2017;17,58;92,9;7,03;1,1992
21/09/2017;17,5;94;6,91;1,1891
22/09/2017;17,23;92,25;6,56;1,1939
23/09/2017;17,23;91,95;6,65;1,1952
26/09/2017;17,88;92,5;7,28;1,1846
27/09/2017;17,7;91,88;6,98;1,1791
28/09/2017;17,5;90,98;6,93;1,1743
29/09/2017;17,7;90,49;6,96;1,1784
30/09/2017;16,4;89,8;7,07;1,1812
03/10/2017;16,53;89,25;6,94;1,173
04/10/2017;17,4;90,5;7;1,1742
05/10/2017;17,48;91,5;6,9;1,1759
06/10/2017;17,9;90,75;6,89;1,171
07/10/2017;17,73;89,35;7;1,1733
10/10/2017;17,9;89,25;6,96;1,1739
11/10/2017;17,63;90;7,39;1,1806
12/10/2017;17,2;89,75;7,38;1,1857
13/10/2017;16,98;90,5;7,41;1,1829
14/10/2017;16,55;91;7,32;1,1822
17/10/2017;16,15;92,4;7,36;1,1795
18/10/2017;16,85;93,25;7,42;1,1766
19/10/2017;16,83;93,75;7,81;1,1787
20/10/2017;16,45;93,4;7,65;1,185
21/10/2017;16,35;92,3;7,57;1,1783
24/10/2017;16,88;91;7,44;1,1747
25/10/2017;16,58;91,25;7,47;1,1759
26/10/2017;16,98;92,3;7,4;1,1812
27/10/2017;17,05;92,18;7,2;1,165
28/10/2017;17,08;92,25;7,17;1,1608
31/10/2017;17,88;92,9;7,14;1,1649
01/11/2017;17,9;92,9;7,37;1,1644
02/11/2017;18,38;94,63;7,51;1,1617
03/11/2017;18,1;94,63;7,66;1,1656
04/11/2017;18,3;93,15;7,88;1,1607
07/11/2017;18,93;93,95;7,92;1,1609
08/11/2017;19,25;93,05;7,75;1,1585
09/11/2017;19,3;93,53;7,72;1,1593
10/11/2017;19,33;93,5;7,55;1,164
11/11/2017;19,85;92,75;7,4;1,1663
14/11/2017;19,98;93,5;7,35;1,1665
15/11/2017;19,33;92,7;7,39;1,1796
16/11/2017;19,02;91;7,69;1,1791
17/11/2017;19,17;90,75;7,5;1,1769
18/11/2017;19,05;91,1;7,48;1,1793
21/11/2017;19,52;90,5;7,44;1,1732
22/11/2017;19,65;91;7,39;1,1737
23/11/2017;19,6;90,9;7,37;1,182
24/11/2017;20,25;90,9;7,66;1,185
25/11/2017;20,5;90,8;7,77;1,193
28/11/2017;20,9;91,65;7,7;1,1896
29/11/2017;20,65;92;7,59;1,1839
30/11/2017;20,8;92,5;7,7;1,1847
01/12/2017;20,7;93;7,53;1,1902
02/12/2017;20,85;90,5;7,68;1,1889
05/12/2017;21,55;91,85;7,55;1,1864
06/12/2017;21,4;91,75;7,43;1,1824
07/12/2017;21,15;91,65;7,27;1,1795
08/12/2017;21,4;91,65;7,35;1,1771
09/12/2017;21;93,13;7,14;1,1764
12/12/2017;21,77;94,23;7,2;1,1768
13/12/2017;22,17;96,13;7,14;1,174
14/12/2017;21,5;95,88;7,07;1,1825
15/12/2017;21,6;94,25;7,09;1,1777
16/12/2017;21,53;95,56;7,18;1,1752
19/12/2017;21,2;95,9;7,39;1,1781
20/12/2017;20,17;95,2;7,54;1,1838
21/12/2017;20,38;95,25;7,81;1,1869
22/12/2017;20,2;95,33;8,02;1,1873
23/12/2017;20;95,31;8,19;1,1857
26/12/2017;19,9;95,28;8,19;1,1868
27/12/2017;19,85;95,28;8,19;1,1858
28/12/2017;19,95;95,4;8,17;1,1886
29/12/2017;19,78;95,68;8,21;1,1941
30/12/2017;19,35;96,03;8,18;1,1996
02/01/2018;19,55;94,77;8,18;1,2008
03/01/2018;19,15;95,4;7,81;1,2057
04/01/2018;19,05;95,4;7,83;1,2012
05/01/2018;19,1;94,45;7,77;1,2067
06/01/2018;18,77;94,45;7,78;1,2028
09/01/2018;18,95;95,23;7,66;1,1965
10/01/2018;19,42;94,75;7,78;1,1935
11/01/2018;19,43;94,4;7,89;1,1945
12/01/2018;19,27;94,1;7,82;1,2031
13/01/2018;19,6;94,25;7,86;1,2185
16/01/2018;19;93,65;7,8;1,2261
17/01/2018;18,8;94,4;8,05;1,2259
18/01/2018;18,42;93,3;8,18;1,2184
19/01/2018;18,73;92,5;8,49;1,2237
20/01/2018;18,3;92,75;8,76;1,222
23/01/2018;18,5;93;8,75;1,226
24/01/2018;18;92,85;9,01;1,2297
25/01/2018;17,85;92,25;9,46;1,2406
26/01/2018;17,83;92,4;9,24;1,2395
27/01/2018;17,4;92,4;9,09;1,2419
30/01/2018;17,45;92,3;9;1,2381
31/01/2018;17,4;92,3;8,88;1,24
01/02/2018;17,83;89,75;9,28;1,242
02/02/2018;18,1;87,4;9,27;1,2508
03/02/2018;18,27;87,3;8,96;1,246
06/02/2018;17,75;85,9;9,07;1,2367
07/02/2018;17,98;84,1;8,8;1,2376
08/02/2018;18,35;84,3;8,99;1,2262
09/02/2018;17,98;81,5;9,12;1,2245
10/02/2018;17,95;80,1;9,23;1,2233
13/02/2018;18,05;80,25;9,48;1,2291
14/02/2018;18,43;82,95;9,9;1,235
15/02/2018;18,23;83,5;9,6;1,2448
16/02/2018;17,98;83,5;9,54;1,2505
17/02/2018;18,23;82,6;9,52;1,2404
20/02/2018;19,6;84,58;9,88;1,2407
21/02/2018;21,13;85,9;9,72;1,2336
22/02/2018;22,05;85,8;9,56;1,2282
23/02/2018;22;87,25;9,72;1,2329
24/02/2018;26,6;88;9,81;1,2293
27/02/2018;25,4;84,03;9,63;1,2316
28/02/2018;34,4;81,7;10,15;1,2231
01/03/2018;45,1;81,25;10,1;1,2193
02/03/2018;76;80;9,99;1,2267
03/03/2018;28,5;79,8;10,14;1,2317
06/03/2018;20,3;79,65;10,36;1,2335
07/03/2018;19,6;82;10,47;1,2402
08/03/2018;18,8;82,1;10,64;1,2412
09/03/2018;19,4;82,1;11,12;1,231
10/03/2018;19,95;82,24;11,12;1,2305
13/03/2018;26,35;82,13;11,08;1,2332
14/03/2018;25;81,25;11,4;1,2389
15/03/2018;22,65;80,7;11,18;1,2365
16/03/2018;24,3;80,7;11,19;1,2304
17/03/2018;20,2;80,65;11,17;1,2287
20/03/2018;20,65;79;11,06;1,2333
21/03/2018;21,42;80,4;11,55;1,224
22/03/2018;21,8;80,25;12,65;1,2336
23/03/2018;20,65;80,3;12,34;1,23
24/03/2018;19,6;78,75;12,61;1,2351
27/03/2018;18,4;78,23;12,99;1,2442
28/03/2018;18,63;78,43;13,68;1,2401
29/03/2018;18,5;77,9;12,99;1,2307
30/03/2018;19,5;78,09;13,28;1,2301
31/03/2018;19,5;78,21;13,28;1,2321
03/04/2018;19,77;78,21;13,28;1,23
04/04/2018;18,65;78,21;13,3;1,2269
05/04/2018;19,1;80,43;13,06;1,2277
06/04/2018;19,08;81;12,64;1,2238
07/04/2018;18,83;81;12,99;1,2281
10/04/2018;19;82,75;13,33;1,2319
11/04/2018;20,2;82,9;13,38;1,2354
12/04/2018;19,53;83,13;13,43;1,2365
13/04/2018;20,77;83,13;13,59;1,2325
14/04/2018;20,2;84,3;13,94;1,2329
17/04/2018;19,3;83,95;14;1,2378
18/04/2018;19;82,25;13,74;1,237
19/04/2018;19,15;82,35;13,89;1,2372
20/04/2018;19,92;83,5;13,46;1,2344
21/04/2018;19,63;84,2;13,05;1,2286
24/04/2018;19,8;84;12,89;1,2207
25/04/2018;19,68;83,73;13,23;1,223
26/04/2018;19,88;83,86;13,26;1,2159
27/04/2018;20,13;84,35;13,49;1,2101
28/04/2018;20,15;84,25;13,56;1,2128
01/05/2018;20,78;85;13,59;1,2077
02/05/2018;20,15;87;13,39;1,1993
03/05/2018;20,38;86,5;13,06;1,195
04/05/2018;19,98;86,5;12,96;1,1987
05/05/2018;20,42;86,4;13,02;1,1958
08/05/2018;20,42;86,4;13,62;1,192
09/05/2018;20,7;87,5;13,6;1,1862
10/05/2018;20,6;88,8;14;1,185
11/05/2018;20,9;88,8;14,61;1,1913
12/05/2018;21,25;91,3;14,63;1,1942
15/05/2018;21,53;91,85;14,64;1,1925
16/05/2018;21,38;91,85;14,32;1,1837
17/05/2018;21,75;92,75;15,18;1,1807
18/05/2018;22,3;93,8;15,3;1,1793
19/05/2018;22,08;93,8;15,25;1,1775
22/05/2018;22,23;93;15,56;1,179
23/05/2018;22,8;93,5;15,95;1,1778
24/05/2018;22,8;91,9;16,01;1,1696
25/05/2018;22,7;92,1;16,29;1,1719
26/05/2018;21,8;91,5;16;1,165
29/05/2018;21,8;91,5;16,31;1,1622
30/05/2018;22,6;93,25;16,3;1,1538
31/05/2018;22,75;93,25;15,84;1,1661
01/06/2018;22,45;95,9;14,91;1,169
02/06/2018;21,85;94,7;15,29;1,166
05/06/2018;22,15;96,1;16,13;1,1698
06/06/2018;21,85;95,75;15,77;1,1717
07/06/2018;21,6;94,48;15,93;1,1773
08/06/2018;21,75;95,25;16;1,1797
09/06/2018;21,7;95,5;15,82;1,1766
12/06/2018;21,6;96,5;15,49;1,1782
13/06/2018;21,93;97;15,15;1,1743
14/06/2018;22,48;97;15,31;1,1789
15/06/2018;22,77;97;14,91;1,1567
16/06/2018;21,88;97,33;14,53;1,1607
19/06/2018;22,55;97,7;14,6;1,1622
20/06/2018;22,13;98,4;14,24;1,1588
21/06/2018;21,88;98,4;14,5;1,157
22/06/2018;21,7;95,83;14,81;1,1601
23/06/2018;21,8;94,25;15,12;1,1655
26/06/2018;21,6;95;15,03;1,1702
27/06/2018;21,63;95;15,03;1,1645
28/06/2018;22,15;96,9;15,26;1,1552
29/06/2018;21,9;96,9;15;1,1567
30/06/2018;21,58;97,75;14,99;1,1683
03/07/2018;22,13;98,3;15,07;1,1639
04/07/2018;22,25;97;15,1;1,1655
05/07/2018;22,35;97;15,52;1,1654
06/07/2018;22,35;99,25;15,68;1,1689
07/07/2018;22,23;99,25;15,7;1,1745
10/07/2018;22,63;101;16;1,1749
11/07/2018;22,78;101;16,05;1,1742
12/07/2018;22,52;101,75;16,32;1,1672
13/07/2018;22,1;101,75;16,09;1,1671
14/07/2018;22,48;99,03;16,06;1,1685
17/07/2018;22,05;99,5;15,93;1,1709
18/07/2018;21,95;100;16,08;1,1659
19/07/2018;22,2;100;16,41;1,1638
20/07/2018;22,23;100;16,86;1,1641
21/07/2018;21,95;98,5;17,07;1,1718
24/07/2018;22,23;97,4;17,39;1,169
25/07/2018;22,15;96,75;17,1;1,1684
26/07/2018;22,23;96,75;17,34;1,1728
27/07/2018;22,27;95,5;17,29;1,1641
28/07/2018;22,15;95;17,12;1,1656
31/07/2018;22,3;94,93;17,05;1,1704
01/08/2018;22,05;95,3;17,4;1,1691
02/08/2018;22,13;93,48;17,78;1,1658
03/08/2018;22,15;93,5;17,64;1,1582
04/08/2018;22,18;94,55;17,68;1,1567
07/08/2018;22,48;94;17,57;1,1553
08/08/2018;22,73;96,5;17,51;1,1597
09/08/2018;22,63;97,1;17,4;1,161
10/08/2018;22,67;95,75;17,6;1,1526
11/08/2018;23,1;96,43;17,89;1,141
14/08/2018;23,6;97,4;18,06;1,1408
15/08/2018;23,55;99,25;18,16;1,1342
16/08/2018;23,4;99,25;18,09;1,1343
17/08/2018;23,63;98;17,99;1,1375
18/08/2018;24,1;99,35;18,14;1,1437
21/08/2018;24,17;99,25;18,49;1,1479
22/08/2018;24,2;98,8;19,31;1,1569
23/08/2018;24,63;97,75;19,8;1,1596
24/08/2018;24,85;95,75;20,38;1,1537
25/08/2018;25,15;95,75;20,69;1,1621
28/08/2018;25,15;95,75;21,3;1,1677
29/08/2018;25,75;100;20,69;1,1693
30/08/2018;26,3;100;21,06;1,1706
31/08/2018;26,25;100,2;21,16;1,167
01/09/2018;25,9;98,35;21,09;1,1599
04/09/2018;26,35;99,25;20,17;1,1623
05/09/2018;26,95;100,08;20,18;1,1581
06/09/2018;27,2;101,7;20,37;1,1629
07/09/2018;27,45;100,5;21,47;1,1621
08/09/2018;28,2;100,5;23,22;1,1551
11/09/2018;29,18;99,6;25,23;1,1592
12/09/2018;28,7;100,55;24,18;1,1605
13/09/2018;27,6;100,5;22,95;1,1624
14/09/2018;26,55;100,5;18,9;1,1688
15/09/2018;27,25;100,05;19,97;1,1628
18/09/2018;27,55;99,5;20,94;1,1683
19/09/2018;27,4;99,5;20,23;1,1665
20/09/2018;28,25;100,2;21,47;1,1672
21/09/2018;28,23;100,2;22,03;1,1775
22/09/2018;28,52;99,93;22,13;1,1749
25/09/2018;29,48;101,18;22,43;1,1746
26/09/2018;29,33;102,4;21,25;1,1771
27/09/2018;28,05;102,4;20,24;1,1738
28/09/2018;27,5;100,6;20,83;1,1639
29/09/2018;27;100,5;21,21;1,1608
02/10/2018;27,2;101,8;21,37;1,1576
03/10/2018;26,9;102,45;20,98;1,1546
04/10/2018;27;102,5;21,18;1,1476
05/10/2018;27;101,65;21,34;1,1513
06/10/2018;27,35;101,95;22,16;1,1523
09/10/2018;26,9;101,85;21,94;1,149
10/10/2018;26,42;100,55;20,79;1,1489
11/10/2018;25,63;99,5;19,46;1,1518
12/10/2018;24,78;99,5;19,87;1,1593
13/10/2018;25,35;98,5;20,37;1,1562
16/10/2018;25,92;98,4;18,58;1,1577
17/10/2018;25,53;97,5;19,29;1,1573
18/10/2018;25,35;97,5;19,27;1,1499
19/10/2018;25,17;99,43;19,74;1,1452
20/10/2018;26,3;99,43;19,71;1,1513
23/10/2018;24,95;101,38;19;1,1463
24/10/2018;24,63;100,75;19,23;1,1469
25/10/2018;25,05;101,25;19,61;1,1391
26/10/2018;24,45;100;19,08;1,1374
27/10/2018;23,88;98,5;18,28;1,1401
30/10/2018;24,52;99;16,68;1,1371
31/10/2018;23,73;98,5;16,02;1,1344
01/11/2018;23,4;98;16,36;1,131
02/11/2018;23,3;95,25;15,62;1,1407
03/11/2018;23,6;95;17,08;1,1385
06/11/2018;23,28;94,13;17,23;1,1406
07/11/2018;23,2;92,55;17,57;1,1426
08/11/2018;24,3;92,55;18,62;1,1424
09/11/2018;24,05;91,45;19,56;1,1362
10/11/2018;23,83;89,75;19,5;1,1334
13/11/2018;25,5;91,3;20,5;1,1217
14/11/2018;26,3;89,5;20,14;1,1289
15/11/2018;26,45;87,6;19,73;1,1308
16/11/2018;26,5;88,2;19;1,1326
17/11/2018;25,7;88;19,11;1,1418
20/11/2018;24,3;83,9;18,93;1,1451
21/11/2018;24,63;83,9;19,46;1,137
22/11/2018;24,67;82,25;20,49;1,1383
23/11/2018;24,8;82,6;20,92;1,1407
24/11/2018;24,85;82,6;20,21;1,134
27/11/2018;24,55;82,4;19,83;1,1326
28/11/2018;25,1;82,4;19,6;1,1288
29/11/2018;24,33;84;19,29;1,1366
30/11/2018;24,55;83,93;20,02;1,1391
01/12/2018;24,15;85,5;20,5;1,1315
04/12/2018;24,6;85,5;20,63;1,1352
05/12/2018;23,88;85,85;20,73;1,1344
06/12/2018;23,3;86,25;19,67;1,1344
07/12/2018;22,6;86,25;19,99;1,1374
08/12/2018;22,6;86,5;20,29;1,1376
11/12/2018;23,1;87,45;20,86;1,1355
12/12/2018;23,5;87,58;20,16;1,1314
13/12/2018;24;87,58;21,47;1,1368
14/12/2018;24,13;89,5;22,32;1,1361
15/12/2018;24,55;89,5;23,37;1,1307
18/12/2018;24,55;91,18;24,26;1,1346
19/12/2018;23,88;90,05;24,33;1,1361
20/12/2018;24,4;90;24,62;1,1375
21/12/2018;24,77;88,68;24,47;1,1444
22/12/2018;24,48;88,5;24,92;1,1367
25/12/2018;24,05;88,5;25,18;1,1399
26/12/2018;24,1;88,5;25,18;1,1361
27/12/2018;24,1;88,5;25,18;1,1351
28/12/2018;23,33;86,93;25,01;1,1429
29/12/2018;22,02;86,25;24,98;1,1436
01/01/2019;21,05;86,25;25,01;1,1469
02/01/2019;21,05;86,25;25,01;1,1462
03/01/2019;22,3;85,3;25,31;1,1342
04/01/2019;21,8;83,8;23,32;1,1392
05/01/2019;22,05;83,8;23,73;1,1393
08/01/2019;20,65;81,6;22,25;1,1474
09/01/2019;21,78;81,6;22,84;1,144
10/01/2019;21,13;81,13;22,03;1,1541
11/01/2019;21,93;81,4;22,11;1,1498
12/01/2019;21,38;81,4;22,74;1,1467
15/01/2019;21,38;81,15;22,55;1,1474
16/01/2019;21,2;82,65;22,62;1,1414
17/01/2019;21,7;84,3;23,4;1,1397
18/01/2019;22,68;85,55;23,67;1,1395
19/01/2019;22,25;85,5;24,86;1,1361
22/01/2019;21,8;81,4;24,47;1,1364
23/01/2019;21,67;81,4;25,21;1,1358
24/01/2019;21,95;82;24,72;1,138
25/01/2019;21,2;81,25;24,07;1,1305
26/01/2019;20,8;78,85;23,93;1,1412
29/01/2019;20,55;78,85;22,77;1,1433
30/01/2019;20,8;79;23,39;1,143
31/01/2019;20,15;79,75;23,06;1,1477
01/02/2019;19,95;79,13;22,3;1,1444
02/02/2019;19,23;79,05;21,99;1,1454
05/02/2019;19,35;77;23,06;1,1435
06/02/2019;18,65;76,5;23,17;1,1412
07/02/2019;19;76,8;23,7;1,136
08/02/2019;18,58;74,3;23,48;1,134
09/02/2019;18,27;72,75;22,37;1,1328
12/02/2019;18,27;71,75;22,4;1,1275
13/02/2019;17,45;71,75;20,7;1,1324
14/02/2019;18,1;72;20,94;1,1265
15/02/2019;17,75;72,35;19,78;1,1299
16/02/2019;17,95;73,75;20,42;1,1293
19/02/2019;17,35;74;20,01;1,1308
20/02/2019;17,88;73;20,21;1,134
21/02/2019;18,1;74,25;20,48;1,1335
22/02/2019;17,5;74,25;18,8;1,1334
23/02/2019;16,93;73;18,94;1,1341
26/02/2019;16,85;73,7;19,24;1,1358
27/02/2019;17,33;74,65;19,66;1,1385
28/02/2019;17,78;74,65;21,27;1,1369
01/03/2019;17,75;75,25;21,69;1,137
02/03/2019;17,42;75,25;22,28;1,1374
05/03/2019;17,53;75,65;23,13;1,1337
06/03/2019;17,08;75,75;22,94;1,1306
07/03/2019;16,93;73,5;22,13;1,1305
08/03/2019;16,92;73;23,27;1,1192
09/03/2019;16,78;73;23,02;1,1238
12/03/2019;16,88;72,4;22,28;1,1247
13/03/2019;16,5;71,55;22,33;1,1286
14/03/2019;15,9;71,55;22,28;1,1325
15/03/2019;15,52;70,6;22,74;1,1302
16/03/2019;14,85;70,2;22,47;1,1325
19/03/2019;15,4;69,3;21,82;1,1336
20/03/2019;15,23;69,3;21,12;1,1349
21/03/2019;15,08;67,75;21,64;1,1411
22/03/2019;14,55;67,75;20,94;1,1373
23/03/2019;14,2;66,5;20,67;1,1313
26/03/2019;14,35;66,5;20,94;1,1311
27/03/2019;14,7;64,33;21,54;1,1264
28/03/2019;14,95;63,73;21,85;1,1247
29/03/2019;14,2;63,63;22,26;1,122
30/03/2019;14,68;61,7;21,54;1,1217
02/04/2019;14,1;62;21,91;1,1212
03/04/2019;13,75;58,5;22,01;1,1202
04/04/2019;14,45;58,5;23,16;1,1234
05/04/2019;15,08;58,5;24,44;1,122
06/04/2019;15,82;60;24,6;1,1214
09/04/2019;15,88;62,15;24,31;1,1259
10/04/2019;16,85;62,15;25,53;1,1261
11/04/2019;16,2;64,5;26,13;1,1273
12/04/2019;16,08;63;27,32;1,125
13/04/2019;15,94;64;26,58;1,13
16/04/2019;15;64,13;26,81;1,1307
17/04/2019;15,35;63,85;27;1,128
18/04/2019;15,05;63,85;27,46;1,1294
19/04/2019;14,93;63,9;26,89;1,1229
20/04/2019;14,93;63,9;26,89;1,1246
23/04/2019;14,93;63,9;26,89;1,1255
24/04/2019;14,43;62,5;27,53;1,1225
25/04/2019;14,18;62,13;27,4;1,1152
26/04/2019;14,75;59,3;27,28;1,113
27/04/2019;14,3;59,5;25,85;1,1148
30/04/2019;14,57;59,8;26,38;1,1185
01/05/2019;14,35;58,75;26,29;1,1215
02/05/2019;14,4;60,03;25,78;1,1194
03/05/2019;14,65;60,5;24,7;1,1176
04/05/2019;14,75;60,5;25,2;1,12
07/05/2019;14,88;60,5;25,33;1,1197
08/05/2019;14,48;62,13;26,4;1,119
09/05/2019;14,48;62,8;26,91;1,1191
10/05/2019;14,55;62,8;26,5;1,122
11/05/2019;14,06;61,5;25,62;1,1233
14/05/2019;13,8;61;25,03;1,1223
15/05/2019;13,8;61;25,89;1,1203
16/05/2019;14;60,7;25,97;1,12
17/05/2019;13,4;60;25,57;1,1172
18/05/2019;13,07;59,2;25;1,1156
21/05/2019;12,9;57,75;25,2;1,117
22/05/2019;12,8;57,5;25,38;1,1158
23/05/2019;12,93;57,5;26,37;1,1152
24/05/2019;12,45;56,68;26,06;1,118
25/05/2019;12,3;56,55;25,47;1,1202
28/05/2019;12,3;56,33;25,59;1,1196
29/05/2019;12,5;56,7;25,48;1,116
30/05/2019;11,75;56,7;25,53;1,1129
31/05/2019;11,27;52,68;25,3;1,113
01/06/2019;10,35;52,75;24,46;1,1167
04/06/2019;10,13;52,5;23,74;1,124
05/06/2019;11,3;53,1;24,56;1,1251
06/06/2019;10,65;53,3;24,25;1,1219
07/06/2019;10,43;53,5;23,98;1,1274
08/06/2019;10,98;53,5;24,51;1,1331
11/06/2019;11,57;53,5;25,2;1,1312
12/06/2019;11,2;52,5;24,98;1,1329
13/06/2019;11,2;52,55;24,82;1,1287
14/06/2019;11,43;52,4;24,96;1,1275
15/06/2019;11,27;51,15;25,05;1,1207
18/06/2019;11,38;50,25;25,02;1,1217
19/06/2019;11,1;50,25;25,12;1,1191
20/06/2019;10,32;48,98;24,96;1,1224
21/06/2019;10,23;49,23;25,1;1,1291
22/06/2019;10,3;48,93;25,3;1,1366
25/06/2019;9,8;48,3;26,37;1,1396
26/06/2019;9,13;49,45;26,41;1,1365
27/06/2019;9,4;49,65;27,39;1,1368
28/06/2019;9,13;49,05;26,89;1,1368
29/06/2019;9,5;49,58;26,28;1,1368
02/07/2019;10,2;53;26,92;1,1285
03/07/2019;10,27;53,25;26,72;1,1283
04/07/2019;10,27;53,75;26,51;1,1277
05/07/2019;10,35;53,75;26,01;1,1284
06/07/2019;11,13;57,25;26,38;1,1224
09/07/2019;11,9;60;26,81;1,1214
10/07/2019;11,55;57,48;26,56;1,1206
11/07/2019;12,5;59,13;28,19;1,1249
12/07/2019;12,75;60,5;28,29;1,1252
13/07/2019;13;60,3;28,79;1,1269
16/07/2019;12,85;60,2;29,05;1,1257
17/07/2019;11,25;59,3;28,47;1,1209
18/07/2019;11,15;59,3;28,47;1,1223
19/07/2019;10,7;59,8;27,78;1,1275
20/07/2019;10,75;62;28,89;1,122
23/07/2019;10,3;59,5;28,99;1,1208
24/07/2019;10,65;61,5;29,81;1,1151
25/07/2019;10,35;61,5;29,19;1,1139
26/07/2019;10,3;61,45;29,02;1,1145
27/07/2019;10,05;60,33;28,29;1,1125
30/07/2019;9,5;58,23;28,42;1,1144
31/07/2019;9,73;57,75;27,9;1,1153
01/08/2019;10,15;58,15;27,98;1,1074
02/08/2019;11,25;58,53;29,45;1,1083
03/08/2019;11,3;58,95;29,26;1,1107
06/08/2019;10,07;58,25;28,7;1,1202
07/08/2019;9,77;56,43;28,41;1,1198
08/08/2019;9,73;56,38;28,28;1,1197
09/08/2019;10,05;57;28,53;1,1178
10/08/2019;10,13;57,45;28,12;1,1198
13/08/2019;10,43;57,6;26,7;1,1212
14/08/2019;10,73;58,5;27,1;1,1169
15/08/2019;9,65;58,7;26,91;1,1138
16/08/2019;9,5;58;25,98;1,1106
17/08/2019;9,6;57,5;25,96;1,1089
20/08/2019;9,55;57,05;26,56;1,1076
21/08/2019;9,93;57,25;26,25;1,1099
22/08/2019;9,93;55,6;26,02;1,1083
23/08/2019;10,05;56,6;25,66;1,1078
24/08/2019;9,65;54,88;25,1;1,1144
27/08/2019;9,88;54,88;25,83;1,11
28/08/2019;10,45;53,08;25,41;1,109
29/08/2019;10,1;53,08;26,01;1,1077
30/08/2019;9,9;53;26,46;1,1055
31/08/2019;9;54,5;26,32;1,0989
03/09/2019;7,85;54,5;25,19;1,0966
04/09/2019;7,18;54,5;25,23;1,0972
05/09/2019;7,5;54,5;25,52;1,1033
06/09/2019;8,07;57,83;25,53;1,1033
07/09/2019;9,4;57,95;25,08;1,1027
10/09/2019;9,52;59,5;25,02;1,1046
11/09/2019;10,9;61,43;26,72;1,1043
12/09/2019;10,23;63,1;26,27;1,1009
13/09/2019;10,9;63,1;26,43;1,1061
14/09/2019;10,57;62,9;26,38;1,1073
17/09/2019;11,2;64,23;27,04;1,1
18/09/2019;9,7;63,78;26,22;1,1071
19/09/2019;9,55;62,25;25,45;1,1029
20/09/2019;9,3;63,15;25,95;1,104
21/09/2019;9,9;62,9;26,53;1,1017
24/09/2019;10,05;61,5;25,8;1,0991
25/09/2019;11,15;61,5;25,54;1,1018
26/09/2019;10,15;58,45;25,21;1,0941
27/09/2019;10,18;58,68;25,64;1,0921
28/09/2019;9,4;59,05;25,3;1,0938
01/10/2019;8,23;59,7;24,72;1,0898
02/10/2019;9,95;61,25;25,04;1,093
03/10/2019;10,1;61,3;24,19;1,0958
04/10/2019;12,5;61,3;23,24;1,0964
05/10/2019;11,25;60,75;22,94;1,0976
08/10/2019;10,25;61,25;23,41;1,097
09/10/2019;9,45;61,25;22,53;1,0954
10/10/2019;8,15;62,3;22,65;1,0969
11/10/2019;8,9;62;23,26;1,1004
12/10/2019;9,35;62;24,44;1,104
15/10/2019;11,1;62,18;24,15;1,1028
16/10/2019;10,9;61,85;25,71;1,1031
17/10/2019;10,55;60,98;26,3;1,107
18/10/2019;10;60,73;26,06;1,1122
19/10/2019;10,6;60,8;25,88;1,1169
22/10/2019;10,1;60,53;25,93;1,1148
23/10/2019;10,32;60,3;25,66;1,1124
24/10/2019;10,45;58,23;24,75;1,1129
25/10/2019;9,9;58,45;25,44;1,1104
26/10/2019;11,35;58,45;24,97;1,1078
29/10/2019;11,3;56,25;25,12;1,1098
30/10/2019;10,32;56,25;25,45;1,111
31/10/2019;10,32;56,63;26;1,1148
01/11/2019;10;56,18;25,61;1,115
02/11/2019;11,45;56,18;25,29;1,1165
05/11/2019;13,05;58;25,63;1,1126
06/11/2019;13,33;58;25,51;1,1074
07/11/2019;13;58,25;24,79;1,1065
08/11/2019;14,38;58;24,94;1,1049
09/11/2019;14,7;57,65;24,84;1,1016
12/11/2019;14,6;55,75;24,93;1,1032
13/11/2019;15;56,5;24,12;1,1007
14/11/2019;14,9;56,58;24,39;1,1006
15/11/2019;14,63;56,5;23,96;1,1021
16/11/2019;15,15;57,4;23,85;1,105
19/11/2019;14,77;57,4;23,39;1,107
20/11/2019;15,2;56,05;23,44;1,1078
21/11/2019;15,18;58;24,03;1,1072
22/11/2019;15,7;59;23,94;1,1057
23/11/2019;15,65;59,75;24,58;1,1022
26/11/2019;16,6;59,65;24,44;1,1013
27/11/2019;15,55;59,25;24,38;1,1018
28/11/2019;15,95;58,88;25,11;1,0998
29/11/2019;15,6;58,75;25,01;1,1007
30/11/2019;15,65;58,75;25,22;1,1015
03/12/2019;15,43;59,6;24,33;1,1077
04/12/2019;15,02;59,75;24;1,1081
05/12/2019;14,88;57,7;24,74;1,1076
06/12/2019;14,1;57,63;24,69;1,1102
07/12/2019;14,2;57,63;24,94;1,1057
10/12/2019;13,73;57,63;25,13;1,1062
11/12/2019;13,65;54,78;24,94;1,1092
12/12/2019;13,18;54,78;24,48;1,1128
13/12/2019;13,4;55,65;25,07;1,1128
14/12/2019;13;55,65;24,02;1,1119
17/12/2019;12,6;54,8;24,86;1,1142
18/12/2019;13,2;56;26,07;1,1149
19/12/2019;12,77;54,25;26,58;1,1111
20/12/2019;13,18;54,05;26,85;1,112
21/12/2019;13;52;26,67;1,1078
24/12/2019;11,38;52;26,54;1,1086
25/12/2019;11,35;52;26,08;1,1087
26/12/2019;11;52;26,08;1,109
27/12/2019;11;52;26,08;1,1096
28/12/2019;12,7;52;26,7;1,1175
31/12/2019;12,35;52;25,09;1,1197
01/01/2020;11,57;53;24,64;1,121
02/01/2020;11,6;53;24,64;1,121
03/01/2020;11,85;53;24,39;1,117
04/01/2020;12,73;53;24,98;1,1158
07/01/2020;12,23;53,9;24,23;1,1193
08/01/2020;11,77;53,68;24,55;1,1151
09/01/2020;11,8;54;24,08;1,1103
10/01/2020;11,8;53,95;24,67;1,1105
11/01/2020;11,8;54;24,21;1,112
14/01/2020;12;55,15;24,14;1,1133
15/01/2020;11,25;54,6;23,84;1,1127
16/01/2020;11,18;54,6;24,51;1,1149
17/01/2020;11,05;51,08;24,85;1,1135
18/01/2020;10,85;53;25,44;1,1088
21/01/2020;10,7;49,85;25,17;1,1094
22/01/2020;10,95;49,08;24,92;1,1082
23/01/2020;10,5;49,3;25,01;1,1091
24/01/2020;10,43;49,13;24,7;1,1052
25/01/2020;10,5;50,25;24,38;1,1023
28/01/2020;10,48;50,3;24,59;1,1016
29/01/2020;10,88;49,9;24,65;1,102
30/01/2020;10,23;49,4;23,99;1,1009
31/01/2020;9,9;49,4;23,74;1,103
01/02/2020;9,85;47,25;23,88;1,1093
04/02/2020;9,45;47,15;23,21;1,1058
05/02/2020;9,8;48,98;23,36;1,1042
06/02/2020;9,55;51;23,77;1,0997
07/02/2020;9,27;49,8;23,56;1,098
08/02/2020;9,2;49,8;23,32;1,0943
11/02/2020;8,88;47,88;23,16;1,0909
12/02/2020;9,05;49;23,3;1,0914
13/02/2020;9,38;49;23,88;1,0871
14/02/2020;9;51,25;24,4;1,084
15/02/2020;9,15;52,5;24,29;1,083
18/02/2020;9,38;52,5;25,05;1,0834
19/02/2020;9,65;50,75;25,14;1,0791
20/02/2020;9,8;49,03;25,71;1,0804
21/02/2020;9,82;49,83;25,64;1,0783
22/02/2020;9,5;47,75;25,61;1,0843
25/02/2020;9,22;47,1;24,57;1,0852
26/02/2020;9,25;48,1;24,18;1,0879
27/02/2020;9,5;46,9;24,26;1,0879
28/02/2020;9,2;47,25;23,6;1,0998
29/02/2020;9,4;47,25;23,61;1,1025
03/03/2020;9,4;47,63;23,52;1,1132
04/03/2020;9,55;47;23,36;1,1171
05/03/2020;9,27;47,63;23,83;1,1134
06/03/2020;9,4;48,23;23,81;1,1239
07/03/2020;9,15;48,1;23,42;1,1285
10/03/2020;8,75;47,3;23,28;1,1447
11/03/2020;9,15;47,5;24,1;1,1279
12/03/2020;9,18;47,5;23,92;1,1267
13/03/2020;9,43;47,45;22,52;1,1183
14/03/2020;9,4;47,45;21,94;1,1105
17/03/2020;8,88;48,35;19,47;1,1181
18/03/2020;8,5;48,35;18,31;1,0996
19/03/2020;8,45;49,6;15,3;1,0913
20/03/2020;8,7;49,33;16,39;1,069
21/03/2020;8,75;50,2;16,11;1,0694
24/03/2020;8,2;49,1;15,54;1,0721
25/03/2020;8,15;49,1;16,78;1,0787
26/03/2020;8;54,3;17,51;1,088
27/03/2020;7,63;54,3;17,35;1,1028
28/03/2020;7,43;52,55;16,39;1,114
31/03/2020;7,15;51,33;17,06;1,1046
01/04/2020;7,2;50,83;17,68;1,1029
02/04/2020;6,97;51,6;17,08;1,0962
03/04/2020;7,03;48,9;18,06;1,0856
04/04/2020;7,05;47,28;17,96;1,0808
07/04/2020;7,13;46,18;20,4;1,0791
08/04/2020;7,32;46,85;20,51;1,0889
09/04/2020;7,1;47,38;21,14;1,0856
10/04/2020;7,05;48,25;21,08;1,0927
11/04/2020;7,05;48,25;21,08;1,0935
14/04/2020;7,05;48,25;21,08;1,0913
15/04/2020;7,18;48,4;19,81;1,0979
16/04/2020;6,85;44,75;19,25;1,0907
17/04/2020;7,07;45,33;20,94;1,0835
18/04/2020;6,35;46,7;21,7;1,0876
21/04/2020;6,25;46,7;21,38;1,0862
22/04/2020;5,95;43,85;19,85;1,0856
23/04/2020;6,05;42,5;20,66;1,0822
24/04/2020;5,65;42;21,03;1,0776
25/04/2020;5,6;41,35;20,74;1,082
28/04/2020;6,13;39,5;20,28;1,0828
29/04/2020;5,98;38,68;20,21;1,0818
30/04/2020;5,65;39,23;20,19;1,0873
01/05/2020;5,55;38,85;19,57;1,0955
02/05/2020;5,25;38,85;18,97;1,0983
05/05/2020;5,5;42;19,35;1,0906
06/05/2020;5,3;42;19,09;1,0838
07/05/2020;5,53;43,3;19;1,0794
08/05/2020;5,25;44,25;19,54;1,0832
09/05/2020;5,2;44,25;19,35;1,084
12/05/2020;5,88;42,75;19,07;1,0806
13/05/2020;5,13;41,5;18,52;1,0846
14/05/2020;5,1;41,5;18,67;1,0816
15/05/2020;4,85;41,9;18,84;1,0804
16/05/2020;4,78;41,93;19,17;1,0815
19/05/2020;4,5;41,8;20,34;1,0912
20/05/2020;4,22;41,63;19,97;1,0921
21/05/2020;3,95;41,25;21,26;1,0977
22/05/2020;3,1;41,25;21,18;1,0949
23/05/2020;4,03;41,65;21,4;1,09
26/05/2020;4,03;41,5;21,59;1,0899
27/05/2020;4;41,5;21,6;1,098
28/05/2020;3,55;42;21,33;1,1003
29/05/2020;3,2;42;21,26;1,1076
30/05/2020;3,5;42,25;21,4;1,1098
02/06/2020;3,6;43;20,97;1,1134
03/06/2020;4,3;46,6;22,07;1,1169
04/06/2020;4,9;47,25;22,08;1,1232
05/06/2020;4,47;46,88;22,21;1,1336
06/06/2020;4,88;47,05;23,24;1,1284
09/06/2020;4,85;46,88;22,71;1,1292
10/06/2020;4,65;46,88;22,48;1,134
11/06/2020;4,57;45,38;22,91;1,1369
12/06/2020;4,72;45,38;22,27;1,1297
13/06/2020;4,95;43,95;22;1,1254
16/06/2020;5,38;45,53;22,16;1,1322
17/06/2020;5,1;46,08;22,78;1,1263
18/06/2020;5,1;44,75;22,75;1,1243
19/06/2020;5,2;44,75;24,47;1,1202
20/06/2020;5,45;45,7;24,16;1,1175
23/06/2020;5,22;46,08;24,53;1,1258
24/06/2020;5,72;47,7;25,41;1,1306
25/06/2020;5,72;48,35;25,4;1,125
26/06/2020;5,03;48,1;25,18;1,1217
27/06/2020;4,97;49,25;24,73;1,1217
30/06/2020;5,65;49,5;26,63;1,124
01/07/2020;5,5;49,58;26,97;1,1231
02/07/2020;5,57;51,1;27,71;1,125
03/07/2020;5,18;51,1;27,37;1,1238
04/07/2020;5;50,93;27,91;1,1248
07/07/2020;5,43;52,25;29,7;1,1308
08/07/2020;5,55;52,38;29,39;1,127
09/07/2020;5,5;52,95;29,32;1,1329
10/07/2020;4,75;50,38;28,61;1,1281
11/07/2020;4,75;49,4;29,02;1,1298
14/07/2020;4,2;48,75;29,35;1,134
15/07/2020;4,22;48,75;29,64;1,1396
16/07/2020;4,72;48,75;28,85;1,141
17/07/2020;4,45;49,3;26,61;1,1383
18/07/2020;5,15;49,4;27,82;1,1426
21/07/2020;4,43;49,25;26,17;1,1444
22/07/2020;4,63;50,25;26,61;1,1526
23/07/2020;4,9;51,53;26,63;1,1568
24/07/2020;4,85;51,55;27,33;1,1594
25/07/2020;4,78;51,8;26,37;1,1654
28/07/2020;4,38;49,68;25,01;1,1751
29/07/2020;4,68;50,1;25,74;1,1714
30/07/2020;4,93;50,8;26,19;1,179
31/07/2020;4,93;50,8;25,54;1,1846
01/08/2020;5,2;52,05;26,28;1,1774
04/08/2020;6,22;53;26,13;1,1761
05/08/2020;6,75;53,18;26,83;1,18
06/08/2020;6,68;53,15;26,77;1,1861
07/08/2020;7,05;52,7;26,39;1,1875
08/08/2020;7;52,7;26,42;1,1786
11/08/2020;6,93;53,5;26,71;1,1736
12/08/2020;6,82;50,5;26,19;1,1739
13/08/2020;6,35;49,13;25,97;1,1782
14/08/2020;6,47;49,05;25,43;1,1812
15/08/2020;7;48,93;25,48;1,1841
18/08/2020;7,45;48,5;26,3;1,1869
19/08/2020;8,06;48,6;26,55;1,1929
20/08/2020;7,9;48,48;26,23;1,1836
21/08/2020;7,25;48,5;25,9;1,1859
22/08/2020;6,6;47,35;25,65;1,1795
25/08/2020;8,02;48,2;27,48;1,1787
26/08/2020;8,52;48;28,61;1,1833
27/08/2020;8,8;48,8;28,62;1,1829
28/08/2020;8,82;49,33;28,37;1,1821
29/08/2020;9,57;51,4;29,52;1,1903
01/09/2020;10,13;51,4;28,66;1,1936
02/09/2020;10,7;54;27,74;1,191
03/09/2020;10,48;54;28,23;1,1853
04/09/2020;11,35;52,3;28,74;1,1849
05/09/2020;11,68;52,3;27,36;1,1838
08/09/2020;11,3;52,05;27,05;1,1817
09/09/2020;10,88;52;26,79;1,1779
10/09/2020;10,79;52;27,2;1,1802
11/09/2020;10,3;52,5;28,42;1,1813
12/09/2020;10,43;52,95;28,26;1,1845
15/09/2020;10,5;54;30,47;1,1868
16/09/2020;10,7;53,65;29,79;1,1845
17/09/2020;11,15;53,65;29,99;1,1814
18/09/2020;11;53,58;28,43;1,1847
19/09/2020;11,1;53,13;27,99;1,1837
22/09/2020;11,38;54;26,4;1,1769
23/09/2020;11,32;53;27,85;1,1706
24/09/2020;11,6;53;26,5;1,1659
25/09/2020;11,6;55,15;26,79;1,1672
26/09/2020;11,43;54,8;26,17;1,163
29/09/2020;12,32;57;27,71;1,1664
30/09/2020;12,55;57;26,79;1,1742
01/10/2020;11,55;57,75;26,93;1,1718
02/10/2020;12,13;59;26,51;1,1747
03/10/2020;11,77;58,18;27,03;1,1713
06/10/2020;13,07;59;26,94;1,1781
07/10/2020;12,85;58,2;26,79;1,1734
08/10/2020;13,55;58,2;26,9;1,176
09/10/2020;13,65;59;26,34;1,1758
10/10/2020;13,9;58,35;25,71;1,1824
13/10/2020;13,68;56,6;25,87;1,1813
14/10/2020;13,25;56,6;25,22;1,1744
15/10/2020;13,75;58;25,75;1,1746
16/10/2020;14,4;58;24,96;1,1706
17/10/2020;14,77;58;24,89;1,1718
20/10/2020;15;58,5;24,98;1,1766
21/10/2020;14,8;59;24,41;1,1821
22/10/2020;14,93;58;23,56;1,1861
23/10/2020;15,23;57,1;24,18;1,1816
24/10/2020;15,18;57,1;25,49;1,1859
27/10/2020;14,82;57,1;23,85;1,1808
28/10/2020;14,77;57,1;24,07;1,1795
29/10/2020;14,15;57,1;23,03;1,1744
30/10/2020;13,82;57,1;23,67;1,1674
31/10/2020;13,5;57,1;23,71;1,1647
03/11/2020;13,2;51,7;23,67;1,164
04/11/2020;13,7;51,7;24,39;1,1711
05/11/2020;13,9;51,3;25,11;1,1722
06/11/2020;14,4;52,6;25,98;1,1821
07/11/2020;13,38;52,6;25,42;1,1872
10/11/2020;14,05;57,5;26,55;1,1813
11/11/2020;14,07;54,3;26,23;1,1814
12/11/2020;13,98;51,1;26,13;1,1777
13/11/2020;14;54,9;25,92;1,1804
14/11/2020;13,9;55,2;26,28;1,1832
17/11/2020;14,18;55,88;27,39;1,1853
18/11/2020;13,45;55,38;26,64;1,1861
19/11/2020;13;56;27,19;1,1852
20/11/2020;12,95;56;26,35;1,1873
21/11/2020;12,6;56;26,74;1,1853
24/11/2020;13,52;54,75;27,25;1,184
25/11/2020;13,9;57,5;27,63;1,1888
26/11/2020;14,02;58,55;27,62;1,1913
27/11/2020;14,13;59,25;28,1;1,1913
28/11/2020;14,6;59,25;28,13;1,1962
01/12/2020;15,2;60,75;29,14;1,1928
02/12/2020;14,82;60,75;28,86;1,207
03/12/2020;14,8;61,35;29,55;1,2115
04/12/2020;13,9;61,35;29;1,214
05/12/2020;14,65;63,6;30,11;1,212
08/12/2020;14,15;63,6;29,62;1,2108
09/12/2020;14,45;63,5;29,57;1,2101
10/12/2020;14,75;63,5;29,7;1,2081
11/12/2020;15,58;64,25;30,9;1,2136
12/12/2020;15,93;64,25;30,52;1,2111
15/12/2020;16,68;64,25;30,81;1,2143
16/12/2020;17,28;64,25;32,18;1,2151
17/12/2020;16,15;64,25;31,78;1,2197
18/12/2020;15,88;68,5;31,96;1,2266
19/12/2020;15,68;68,5;31,1;1,2255
22/12/2020;16,9;68,5;30,89;1,2242
23/12/2020;17,45;68,5;31,15;1,2161
24/12/2020;17,1;70,25;31,92;1,2185
25/12/2020;17,63;70,25;32,19;1,2186
26/12/2020;17,63;70,25;32,19;1,2204
29/12/2020;17,63;70,25;33,44;1,2214
30/12/2020;19,05;70,25;33,02;1,2247
31/12/2020;19;70,25;32,19;1,2295
01/01/2021;18,88;70,25;32,72;1,2213
02/01/2021;18,8;70,25;32,72;1,2212
05/01/2021;19,83;71;33,69;1,2248
06/01/2021;18,05;71;32,96;1,2294
07/01/2021;17,73;71;33,63;1,2325
08/01/2021;19,52;71;34,76;1,227
09/01/2021;20,45;68,5;34,92;1,2218
12/01/2021;22,3;70;34,53;1,2149
13/01/2021;26,9;70;34,66;1,2207
14/01/2021;23,13;71,75;33,65;1,2157
15/01/2021;21,1;71,75;33,53;1,2156
16/01/2021;20,35;71,03;31,74;1,2078
19/01/2021;19,05;68,05;31,62;1,2076
20/01/2021;20,25;68,05;33,09;1,2128
21/01/2021;19,83;68,05;32,91;1,2104
22/01/2021;19,75;68,05;34,11;1,2162
23/01/2021;21,55;66,88;34,24;1,2167
26/01/2021;20,45;67,25;33,16;1,2137
27/01/2021;19,85;67,5;33,35;1,216
28/01/2021;19,78;68;33,28;1,2108
29/01/2021;20,85;68;33,95;1,2121
30/01/2021;19,9;69,8;32,95;1,2136
02/02/2021;17,5;68,45;32,85;1,2059
03/02/2021;18,03;65,75;34,97;1,2042
04/02/2021;17,85;63;37,43;1,2034
05/02/2021;18,02;63;37,27;1,1962
06/02/2021;18,45;63;38,2;1,2042
09/02/2021;20,8;66,9;38,61;1,2048
10/02/2021;19,85;66,9;38,26;1,2117
11/02/2021;19;68;39,33;1,2116
12/02/2021;18,1;66,8;38,76;1,2128
13/02/2021;17,75;66,9;40,02;1,2118
16/02/2021;16,33;63,75;39,52;1,2127
17/02/2021;16,58;63,5;38,86;1,2104
18/02/2021;16,4;62,45;38,09;1,2036
19/02/2021;17,2;62,45;38,32;1,2088
20/02/2021;16,58;64,2;37,4;1,2117
23/02/2021;15,95;63,75;37,96;1,2154
24/02/2021;15,9;63,75;38,67;1,2149
25/02/2021;16,25;63,5;39,15;1,2164
26/02/2021;15,93;63,5;38,26;1,2176
27/02/2021;15,8;65;37,28;1,2074
02/03/2021;16,35;64,5;37,13;1,2047
03/03/2021;16,13;64,5;38,35;1,2089
04/03/2021;16,05;64,5;37,47;1,2062
05/03/2021;16,4;64,5;38,16;1,1966
06/03/2021;16,55;64,5;39,02;1,1917
09/03/2021;16,85;62,5;39,13;1,1843
10/03/2021;17,38;62,5;40,65;1,1898
11/03/2021;17,85;64,28;41,54;1,1925
12/03/2021;18,2;64,9;41,93;1,1984
13/03/2021;18,65;65;42,85;1,1952
16/03/2021;18,4;65,6;42,39;1,1928
17/03/2021;17,93;65,2;41,6;1,19
18/03/2021;18,7;65,2;42,99;1,1978
19/03/2021;17,6;65,2;42,4;1,1915
20/03/2021;17,75;68,55;41,97;1,1903
23/03/2021;18,55;68,55;42,84;1,1931
24/03/2021;18,5;69,85;41,43;1,1849
25/03/2021;18,75;69,85;41,6;1,1812
26/03/2021;18,15;69,5;40,35;1,1764
27/03/2021;18,48;69,5;41,73;1,1796
30/03/2021;18,42;69,93;41,85;1,1762
31/03/2021;18,75;69,93;42,05;1,1714
01/04/2021;18,93;69,5;42,55;1,1728
02/04/2021;19,2;70,9;42,47;1,1775
03/04/2021;19,2;70,9;42,47;1,1762
06/04/2021;19,2;70,9;42,47;1,1811
07/04/2021;20,4;70,2;44,24;1,1875
08/04/2021;20,05;69,75;43,86;1,187
09/04/2021;19,45;69,75;43,48;1,1912
10/04/2021;19,5;66;43,64;1,1896
13/04/2021;20,8;66;44,48;1,1909
14/04/2021;20,42;70,1;43,85;1,1946
15/04/2021;20,41;70,1;43,82;1,1978
16/04/2021;20,8;70,1;44,16;1,1965
17/04/2021;21,15;70,1;44,42;1,1983
20/04/2021;21,52;75,45;44,35;1,2033
21/04/2021;21,55;73,4;44,89;1,2033
22/04/2021;21,32;73;45,91;1,2033
23/04/2021;21,73;73;47,09;1,2015
24/04/2021;20,17;73,9;46,95;1,2099
27/04/2021;20,17;73,4;47,2;1,2083
28/04/2021;21,75;74,5;47,3;1,209
29/04/2021;21,9;74,5;47,79;1,2123
30/04/2021;22,67;75,2;48,02;1,2118
01/05/2021;23,6;77,65;48,84;1,2018
04/05/2021;24,15;77,65;49,42;1,2061
05/05/2021;24,02;78,35;48,61;1,2013
06/05/2021;24,68;78,25;49,45;1,2005
07/05/2021;24,98;80,4;49,94;1,2064
08/05/2021;23,88;80,4;50,45;1,2163
11/05/2021;25,05;84,8;52,22;1,2129
12/05/2021;26,05;85,18;53,04;1,2146
13/05/2021;26,1;85,18;55,32;1,2069
14/05/2021;26,4;85,18;54,49;1,2078
15/05/2021;26,92;86,5;56,65;1,214
18/05/2021;26,55;86,5;56,34;1,2151
19/05/2021;25,65;83,95;53,07;1,222
20/05/2021;22,9;83,63;49,68;1,2172
21/05/2021;24,7;83,63;52,7;1,2226
22/05/2021;24,8;85,75;51,75;1,2179
25/05/2021;24,8;88,35;52,77;1,2215
26/05/2021;26,35;90,25;53,32;1,225
27/05/2021;26,33;90,9;53,67;1,219
28/05/2021;25,35;91,5;51,84;1,2192
29/05/2021;25,45;92,15;51,03;1,2189
01/06/2021;25,5;92,15;51,7;1,2225
02/06/2021;26,13;95;52,41;1,2211
03/06/2021;25,52;95;51,4;1,2209
04/06/2021;25,83;99,75;50,24;1,2124
05/06/2021;25,83;98,75;49,97;1,2165
08/06/2021;26,67;98,75;51,47;1,2189
09/06/2021;28,13;103,35;52,17;1,2171
10/06/2021;27,9;103,35;53,51;1,2178
11/06/2021;27,8;103,35;53,78;1,2169
12/06/2021;28;111,8;52,67;1,2106
15/06/2021;28,9;111,8;52,9;1,2118
16/06/2021;27,95;104;51,4;1,2124
17/06/2021;28,15;104;51,34;1,1994
18/06/2021;28,6;104;50,91;1,1906
19/06/2021;29,55;104;51,9;1,186
22/06/2021;29,8;104;52,42;1,1915
23/06/2021;31,4;104;53,41;1,1938
24/06/2021;31,68;104;54,67;1,1925
25/06/2021;31,95;104;55,09;1,193
26/06/2021;32,1;115,5;55,05;1,1933
29/06/2021;32,2;115;55,5;1,1924
30/06/2021;33,67;115,08;55,64;1,1895
01/07/2021;35,5;116,38;56,37;1,1855
02/07/2021;36,4;117,5;57,65;1,1848
03/07/2021;36,2;119;57,35;1,1864
06/07/2021;37,85;119;57,87;1,1861
07/07/2021;33,97;119;54,02;1,1822
08/07/2021;32,8;120;52,62;1,1789
09/07/2021;34;120;52,35;1,1842
10/07/2021;36,85;120;54,26;1,1873
13/07/2021;34,65;125,15;51,71;1,1859
14/07/2021;35,28;125,15;52,85;1,1774
15/07/2021;33,9;131;53,37;1,1835
16/07/2021;34;131;52,97;1,1812
17/07/2021;35,28;131;52,89;1,1805
20/07/2021;36,2;131;52,41;1,1798
21/07/2021;35,3;130;51,21;1,1779
22/07/2021;36;130;52,14;1,1792
23/07/2021;35,8;132,25;50,79;1,177
24/07/2021;35,65;132,25;50,89;1,1771
27/07/2021;36,97;134,75;53,2;1,1799
28/07/2021;37,98;134,75;52,91;1,1814
29/07/2021;39,75;135;53,84;1,1842
30/07/2021;41,38;137,5;54,05;1,1886
31/07/2021;40,47;138,45;53,33;1,187
03/08/2021;42,1;137,5;54,43;1,1867
04/08/2021;41,25;137,25;54,19;1,186
05/08/2021;41,75;137;55,46;1,1835
06/08/2021;42,58;138,25;55,98;1,1832
07/08/2021;42,9;140;56,66;1,176
10/08/2021;42,75;142,7;56,62;1,1737
11/08/2021;44,44;143,65;57,41;1,1718
12/08/2021;46,2;143,65;57,78;1,1737
13/08/2021;45,6;151;56,26;1,1727
14/08/2021;44,25;149,25;55,38;1,1791
17/08/2021;47,69;152,25;58,16;1,1777
18/08/2021;46,25;152,25;57,23;1,1708
19/08/2021;44,8;147,4;57,13;1,171
20/08/2021;40,38;140,5;53,5;1,1674
21/08/2021;41,55;135;54,38;1,1696
24/08/2021;42,4;142,43;55,34;1,1743
25/08/2021;45,6;145;56,64;1,1753
26/08/2021;45,2;147,5;56,54;1,177
27/08/2021;45,4;147,5;56,86;1,175
28/08/2021;47,25;147,9;59;1,1793
31/08/2021;47,25;147,9;60,76;1,1795
01/09/2021;50,1;154;60,76;1,1807
02/09/2021;51;151;60,12;1,1837
03/09/2021;51,08;159,63;61,52;1,1873
04/09/2021;51,2;159,63;61,32;1,1882
07/09/2021;52,13;159,63;62,31;1,1868
08/09/2021;53,6;166,25;61,99;1,1839
09/09/2021;54,75;166,25;62,45;1,1813
10/09/2021;56,33;166,25;62,75;1,1825
11/09/2021;58,03;166,25;60,92;1,1814
14/09/2021;61,5;166,25;61,07;1,1808
15/09/2021;65,8;166,25;59,85;1,1802
16/09/2021;65,5;169;59,86;1,1815
17/09/2021;60,85;169;59,31;1,1764
18/09/2021;65,6;162;59,48;1,1725
21/09/2021;73,2;165;60,68;1,1725
22/09/2021;72;165;60,16;1,1723
23/09/2021;70,1;166;60,6;1,1686
24/09/2021;67,03;171,25;60,54;1,1736
25/09/2021;68,35;185,5;62,94;1,1714
28/09/2021;75,98;200,25;64,37;1,1694
29/09/2021;79;209;61,92;1,1681
30/09/2021;80;209;62,88;1,1595
01/10/2021;93,15;213,75;61,74;1,1581
02/10/2021;87,6;213,75;62,04;1,1594
05/10/2021;89,4;213,75;63,4;1,1621
06/10/2021;115,8;280;64,72;1,1596
07/10/2021;100,3;280;59,12;1,1556
08/10/2021;91,9;209,5;60,37;1,155
09/10/2021;79,78;206;58,33;1,1567
12/10/2021;84;229;59,15;1,1551
13/10/2021;85,1;242;58,93;1,1527
14/10/2021;91,5;242;59,07;1,1592
15/10/2021;99,45;237,5;61,44;1,1594
16/10/2021;87;237,5;59,44;1,16
19/10/2021;85,2;211;58,56;1,1609
20/10/2021;84,7;217,9;54,55;1,1632
21/10/2021;90,5;217,9;57,78;1,1649
22/10/2021;86,2;159,5;57,98;1,1621
23/10/2021;87,05;171;58,27;1,1647
26/10/2021;89;171;58,99;1,1606
27/10/2021;87,83;202;59,81;1,1595
28/10/2021;84,95;202;59,9;1,1604
29/10/2021;74;170;58,57;1,1679
30/10/2021;60,4;156;58,71;1,1561
02/11/2021;64,4;156;56,94;1,1606
03/11/2021;67,98;128,5;59,46;1,1577
04/11/2021;78;135;59,82;1,161
05/11/2021;72,4;119,3;59,86;1,1552
06/11/2021;73;119,3;59,39;1,1566
09/11/2021;77,13;119,3;60,63;1,1586
10/11/2021;71;119,3;60,41;1,1591
11/11/2021;74,25;132;63,7;1,145
12/11/2021;74,7;133;63,27;1,145
15/11/2021;79,5;;65,93;1,1367
16/11/2021;93,8;129;67,55;1,1319
17/11/2021;94;134,75;67,16;1,1319
18/11/2021;90,64;;69,1;1,1369
19/11/2021;86,5;;69,36;1,1288
22/11/2021;84,35;140,5;69,91;1,1234
23/11/2021;91,25;;69,17;1,1246
24/11/2021;94;;72,91;1,1197
25/11/2021;92,2;152;74,46;1,1206
26/11/2021;87,95;;72,78;1,1317
29/11/2021;93,88;;74,21;1,1291
30/11/2021;91,35;;75,37;1,1336
01/12/2021;97,5;112;76,81;1,1319
02/12/2021;91,85;120;79,86;1,1299
03/12/2021;89,2;125;78,25;1,1313
06/12/2021;87,57;122;81,25;1,1285
07/12/2021;96,7;128,5;84,91;1,1263
08/12/2021;98,9;134;88,88;1,1342
09/12/2021;101,25;135;80,2;1,1292
10/12/2021;103,6;134;83,73;1,1311
13/12/2021;115,85;;82,12;1,1283
14/12/2021;127,2;145,4;79,48;1,1257
15/12/2021;127;146,25;80,5;1,1285
16/12/2021;132,25;;84,77;1,1328
17/12/2021;136,9;150;73,28;1,1239
20/12/2021;149;;79,38;1,1275
21/12/2021;182,3;;80,94;1,1283
22/12/2021;166,75;;76,83;1,1324
23/12/2021;124;;74,46;1,1328
24/12/2021;105;;76,31;1,1317
27/12/2021;;;76,92;1,1325
28/12/2021;;;79,29;1,1309
29/12/2021;95,9;;80,36;1,1348
30/12/2021;78,5;119;80,16;1,1323
31/12/2021;66,5;;80,65;1,1368
03/01/2022;;;84,01;1,1294
04/01/2022;86;;84,91;1,1285
05/01/2022;90;;87,58;1,1313
06/01/2022;96,5;;86,74;1,1291
07/01/2022;84,4;;85,42;1,1359
10/01/2022;84,2;;80,09;1,1324
11/01/2022;88,15;;81,3;1,1364
12/01/2022;75,4;130,5;80,01;1,1442
13/01/2022;79,95;;80,56;1,1453
14/01/2022;85,4;;82,08;1,1414
17/01/2022;76,05;157,5;80,58;1,1407
18/01/2022;79,08;160;82,67;1,1325
19/01/2022;73,6;156,25;82,09;1,1341
20/01/2022;76;156;85,59;1,131
21/01/2022;80,5;161,75;84,47;1,134
24/01/2022;93;165;84,02;1,1323
25/01/2022;92,9;;87,45;1,1299
26/01/2022;91,7;;88,66;1,1237
27/01/2022;91,7;;89,76;1,1143
28/01/2022;92,43;;89,22;1,1143
31/01/2022;84,6;;89,24;1,1233
01/02/2022;75,9;;89,52;1,1269
02/02/2022;76,5;158;94,21;1,1303
03/02/2022;77,6;156,5;94,81;1,1438
04/02/2022;80,2;;96,45;1,1446
07/02/2022;78,5;;96,7;1,1442
08/02/2022;75,7;175,25;96,93;1,1414
09/02/2022;75,65;180;90,79;1,1422
10/02/2022;72,57;173,5;90,78;1,1427
11/02/2022;74,57;174;92,87;1,1349
14/02/2022;80;177,5;91,76;1,1305
15/02/2022;67,95;172,75;91,14;1,1356
16/02/2022;68,9;163,53;89,86;1,1373
17/02/2022;72;161;86,44;1,136
18/02/2022;73,5;;89,47;1,1321
21/02/2022;71,5;;89,68;1,131
22/02/2022;80,3;187;89,77;1,1325
23/02/2022;89,2;202;95,07;1,1309
24/02/2022;119;240;87,03;1,1191
25/02/2022;89,95;217;88,14;1,1267
28/02/2022;101,13;250,5;82,21;1,1219
01/03/2022;114;;68,85;1,1126
02/03/2022;169,8;415;68,49;1,1121
03/03/2022;154,5;365;67,35;1,1064
04/03/2022;203;;65,1;1,0926
07/03/2022;227;;58,3;1,0852
08/03/2022;210;;68,51;1,0899
09/03/2022;149,75;462;73,18;1,1075
10/03/2022;134,03;365;76,41;1,0983
11/03/2022;132;;76,76;1,0909
14/03/2022;117,85;;78,28;1,0965