date;value
18/04/2022;16,51
17/04/2022;17,17
16/04/2022;17,54
15/04/2022;16,63
14/04/2022;15,56
13/04/2022;13,47
12/04/2022;13,56
11/04/2022;15,23
10/04/2022;15,24
09/04/2022;14,70
08/04/2022;14,72
07/04/2022;14,05
06/04/2022;10,72
05/04/2022;8,61
04/04/2022;8,10
03/04/2022;7,21
02/04/2022;8,16
01/04/2022;9,46
31/03/2022;11,36
30/03/2022;12,41
29/03/2022;13,20
28/03/2022;13,12
27/03/2022;13,31
26/03/2022;12,07
25/03/2022;12,27
24/03/2022;11,43
23/03/2022;11,56
22/03/2022;12,13
21/03/2022;12,91
20/03/2022;13,06
19/03/2022;12,09
18/03/2022;11,79
17/03/2022;12,35
16/03/2022;13,05
15/03/2022;13,97
14/03/2022;11,37
13/03/2022;11,72
12/03/2022;11,20
11/03/2022;11,56
10/03/2022;11,79
09/03/2022;10,31
08/03/2022;10,10
07/03/2022;9,41
06/03/2022;9,05
05/03/2022;9,47
04/03/2022;10,55
03/03/2022;10,65
02/03/2022;11,98
01/03/2022;11,49
28/02/2022;11,37
27/02/2022;11,28
26/02/2022;10,52
25/02/2022;10,97
24/02/2022;11,07
23/02/2022;10,98
22/02/2022;11,77
21/02/2022;11,44
20/02/2022;10,20
19/02/2022;10,89
18/02/2022;11,33
17/02/2022;12,38
16/02/2022;11,29
15/02/2022;9,56
14/02/2022;10,97
13/02/2022;10,82
12/02/2022;9,90
11/02/2022;10,12
10/02/2022;9,17
09/02/2022;9,84
08/02/2022;10,01
07/02/2022;9,60
06/02/2022;8,88
05/02/2022;10,67
04/02/2022;10,55
03/02/2022;9,92
02/02/2022;10,59
01/02/2022;10,37
31/01/2022;9,12
30/01/2022;8,40
29/01/2022;8,20
28/01/2022;8,00
27/01/2022;7,91
26/01/2022;7,33
25/01/2022;7,93
24/01/2022;7,26
23/01/2022;6,24
22/01/2022;6,08
21/01/2022;6,21
20/01/2022;6,92
19/01/2022;5,90
18/01/2022;5,79
17/01/2022;6,00
16/01/2022;5,79
15/01/2022;5,60
14/01/2022;5,93
13/01/2022;6,39
12/01/2022;8,36
11/01/2022;10,66
10/01/2022;11,87
09/01/2022;10,16
08/01/2022;7,22
07/01/2022;7,00
06/01/2022;6,83
05/01/2022;8,81
04/01/2022;10,54
03/01/2022;10,07
02/01/2022;9,92
01/01/2022;10,97
31/12/2021;10,77
30/12/2021;11,33
29/12/2021;13,43
28/12/2021;15,06
27/12/2021;15,22
26/12/2021;12,09
25/12/2021;12,01
24/12/2021;12,11
23/12/2021;11,35
22/12/2021;11,14
21/12/2021;10,51
20/12/2021;8,14
19/12/2021;9,07
18/12/2021;8,18
17/12/2021;8,05
16/12/2021;8,22
15/12/2021;8,60
14/12/2021;8,82
13/12/2021;9,19
12/12/2021;10,55
11/12/2021;12,04
10/12/2021;13,08
09/12/2021;10,26
08/12/2021;10,17
07/12/2021;10,47
06/12/2021;9,93
05/12/2021;10,07
04/12/2021;9,90
03/12/2021;8,83
02/12/2021;9,24
01/12/2021;8,55
30/11/2021;9,37
29/11/2021;10,66
28/11/2021;7,25
27/11/2021;7,89
26/11/2021;8,43
25/11/2021;8,56
24/11/2021;8,53
23/11/2021;8,90
22/11/2021;10,35
21/11/2021;11,99
20/11/2021;11,84
19/11/2021;11,53
18/11/2021;10,65
17/11/2021;10,98
16/11/2021;10,40
15/11/2021;12,24
14/11/2021;12,44
13/11/2021;12,89
12/11/2021;12,52
11/11/2021;11,46
10/11/2021;11,33
09/11/2021;12,00
08/11/2021;12,30
07/11/2021;10,25
06/11/2021;10,17
05/11/2021;10,16
04/11/2021;10,07
03/11/2021;12,17
02/11/2021;14,30
01/11/2021;17,37
31/10/2021;18,54
30/10/2021;17,66
29/10/2021;15,85
28/10/2021;15,22
27/10/2021;14,85
26/10/2021;15,43
25/10/2021;14,61
24/10/2021;14,40
23/10/2021;14,70
22/10/2021;16,13
21/10/2021;17,84
20/10/2021;19,60
19/10/2021;19,84
18/10/2021;18,87
17/10/2021;18,47
16/10/2021;16,80
15/10/2021;17,16
14/10/2021;16,67
13/10/2021;17,20
12/10/2021;17,39
11/10/2021;17,76
10/10/2021;18,11
09/10/2021;17,70
08/10/2021;18,32
07/10/2021;18,11
06/10/2021;18,47
05/10/2021;17,36
04/10/2021;15,74
03/10/2021;18,98
02/10/2021;20,26
01/10/2021;19,47
30/09/2021;19,80
29/09/2021;19,74
28/09/2021;19,91
27/09/2021;20,40
26/09/2021;20,77
25/09/2021;20,80
24/09/2021;20,64
23/09/2021;20,20
22/09/2021;19,01
21/09/2021;18,31
20/09/2021;19,51
19/09/2021;20,02
18/09/2021;21,18
17/09/2021;21,45
16/09/2021;21,41
15/09/2021;21,67
14/09/2021;21,88
13/09/2021;23,15
12/09/2021;23,69
11/09/2021;22,55
10/09/2021;23,20
09/09/2021;23,47
08/09/2021;24,06
07/09/2021;25,89
06/09/2021;25,99
05/09/2021;24,62
04/09/2021;23,36
03/09/2021;22,64
02/09/2021;21,56
01/09/2021;22,27
31/08/2021;23,73
30/08/2021;23,31
29/08/2021;23,80
28/08/2021;24,65
27/08/2021;25,59
26/08/2021;24,80
25/08/2021;24,11
24/08/2021;24,73
23/08/2021;26,00
22/08/2021;25,80
21/08/2021;25,66
20/08/2021;25,10
19/08/2021;24,05
18/08/2021;24,05
17/08/2021;24,10
16/08/2021;26,17
15/08/2021;27,95
14/08/2021;28,88
13/08/2021;28,06
12/08/2021;27,76
11/08/2021;27,15
10/08/2021;26,07
09/08/2021;24,72
08/08/2021;23,10
07/08/2021;24,51
06/08/2021;25,05
05/08/2021;25,09
04/08/2021;24,89
03/08/2021;23,89
02/08/2021;22,45
01/08/2021;21,08
31/07/2021;22,74
30/07/2021;25,33
29/07/2021;25,77
28/07/2021;25,26
27/07/2021;24,70
26/07/2021;23,63
25/07/2021;24,31
24/07/2021;25,10
23/07/2021;26,29
22/07/2021;26,90
21/07/2021;26,07
20/07/2021;25,50
19/07/2021;25,70
18/07/2021;25,91
17/07/2021;25,88
16/07/2021;24,59
15/07/2021;23,07
14/07/2021;21,80
13/07/2021;21,39
12/07/2021;24,39
11/07/2021;26,04
10/07/2021;25,55
09/07/2021;23,99
08/07/2021;22,35
07/07/2021;21,88
06/07/2021;23,45
05/07/2021;25,42
04/07/2021;25,34
03/07/2021;24,84
02/07/2021;24,38
01/07/2021;24,03
30/06/2021;23,04
29/06/2021;22,03
28/06/2021;21,71
27/06/2021;22,73
26/06/2021;23,38
25/06/2021;22,71
24/06/2021;21,00
23/06/2021;19,67
22/06/2021;19,77
21/06/2021;20,55
20/06/2021;20,45
19/06/2021;20,59
18/06/2021;20,73
17/06/2021;20,42
16/06/2021;24,11
15/06/2021;25,02
14/06/2021;25,05
13/06/2021;24,65
12/06/2021;23,48
11/06/2021;23,42
10/06/2021;24,01
09/06/2021;23,53
08/06/2021;23,11
07/06/2021;22,08
06/06/2021;20,48
05/06/2021;19,10
04/06/2021;20,17
03/06/2021;20,53
02/06/2021;19,81
01/06/2021;19,83
31/05/2021;21,80
30/05/2021;21,92
29/05/2021;21,04
28/05/2021;20,11
27/05/2021;18,86
26/05/2021;18,33
25/05/2021;17,81
24/05/2021;16,66
23/05/2021;15,48
22/05/2021;17,72
21/05/2021;19,38
20/05/2021;18,85
19/05/2021;18,24
18/05/2021;18,39
17/05/2021;18,85
16/05/2021;20,57
15/05/2021;18,63
14/05/2021;16,93
13/05/2021;16,41
12/05/2021;16,00
11/05/2021;14,64
10/05/2021;14,81
09/05/2021;17,21
08/05/2021;19,63
07/05/2021;19,14
06/05/2021;17,93
05/05/2021;16,84
04/05/2021;15,26
03/05/2021;13,86
02/05/2021;13,35
01/05/2021;13,36
30/04/2021;13,65
29/04/2021;14,48
28/04/2021;14,76
27/04/2021;14,62
26/04/2021;14,88
25/04/2021;14,75
24/04/2021;15,04
23/04/2021;15,29
22/04/2021;14,20
21/04/2021;14,06
20/04/2021;14,42
19/04/2021;13,76
18/04/2021;12,09
17/04/2021;10,89
16/04/2021;11,93
15/04/2021;12,76
14/04/2021;13,91
13/04/2021;12,68
12/04/2021;11,97
11/04/2021;13,22
10/04/2021;13,55
09/04/2021;12,60
08/04/2021;12,82
07/04/2021;12,44
06/04/2021;14,19
05/04/2021;13,98
04/04/2021;13,64
03/04/2021;14,36
02/04/2021;15,07
01/04/2021;16,37
31/03/2021;16,40
30/03/2021;16,16
29/03/2021;15,30
28/03/2021;13,92
27/03/2021;13,12
26/03/2021;13,05
25/03/2021;12,48
24/03/2021;12,13
23/03/2021;11,19
22/03/2021;10,50
21/03/2021;8,86
20/03/2021;8,46
19/03/2021;8,75
18/03/2021;10,35
17/03/2021;12,84
16/03/2021;12,19
15/03/2021;11,60
14/03/2021;11,49
13/03/2021;11,03
12/03/2021;12,35
11/03/2021;12,37
10/03/2021;10,04
09/03/2021;10,04
08/03/2021;10,10
07/03/2021;10,94
06/03/2021;11,50
05/03/2021;11,23
04/03/2021;11,25
03/03/2021;12,20
02/03/2021;12,46
01/03/2021;11,59
28/02/2021;10,76
27/02/2021;11,35
26/02/2021;11,76
25/02/2021;11,40
24/02/2021;12,13
23/02/2021;11,15
22/02/2021;10,14
21/02/2021;11,71
20/02/2021;12,58
19/02/2021;11,19
18/02/2021;10,93
17/02/2021;11,01
16/02/2021;10,96
15/02/2021;11,32
14/02/2021;10,86
13/02/2021;11,49
12/02/2021;13,12
11/02/2021;12,03
10/02/2021;11,91
09/02/2021;10,82
08/02/2021;10,88
07/02/2021;9,56
06/02/2021;11,19
05/02/2021;11,83
04/02/2021;12,05
03/02/2021;12,97
02/02/2021;13,49
01/02/2021;14,61
31/01/2021;13,00
30/01/2021;13,01
29/01/2021;13,61
28/01/2021;13,22
27/01/2021;14,01
26/01/2021;11,79
25/01/2021;11,92
24/01/2021;12,27
23/01/2021;10,19
22/01/2021;11,27
21/01/2021;11,31
20/01/2021;8,10
19/01/2021;5,95
18/01/2021;6,54
17/01/2021;5,98
16/01/2021;5,14
15/01/2021;5,24
14/01/2021;4,09
13/01/2021;3,33
12/01/2021;2,06
11/01/2021;3,17
10/01/2021;4,34
09/01/2021;3,84
08/01/2021;3,31
07/01/2021;3,55
06/01/2021;3,49
05/01/2021;3,55
04/01/2021;4,22
03/01/2021;4,37
02/01/2021;4,36
01/01/2021;6,34
31/12/2020;6,32
30/12/2020;6,64
29/12/2020;7,38
28/12/2020;9,15
27/12/2020;5,63
26/12/2020;5,92
25/12/2020;7,73
24/12/2020;10,37
23/12/2020;10,56
22/12/2020;10,99
21/12/2020;10,78
20/12/2020;10,71
19/12/2020;10,36
18/12/2020;9,99
17/12/2020;10,69
16/12/2020;9,88
15/12/2020;11,38
14/12/2020;11,75
13/12/2020;11,23
12/12/2020;13,38
11/12/2020;14,20
10/12/2020;12,03
09/12/2020;8,36
08/12/2020;9,39
07/12/2020;10,29
06/12/2020;7,56
05/12/2020;6,38
04/12/2020;8,33
03/12/2020;7,98
02/12/2020;10,00
01/12/2020;10,39
30/11/2020;10,69
29/11/2020;11,41
28/11/2020;11,14
27/11/2020;12,10
26/11/2020;12,64
25/11/2020;10,94
24/11/2020;9,49
23/11/2020;9,39
22/11/2020;9,52
21/11/2020;10,44
20/11/2020;12,39
19/11/2020;14,03
18/11/2020;13,84
17/11/2020;13,43
16/11/2020;15,48
15/11/2020;15,94
14/11/2020;14,42
13/11/2020;13,76
12/11/2020;13,33
11/11/2020;12,85
10/11/2020;13,25
09/11/2020;13,86
08/11/2020;14,12
07/11/2020;15,80
06/11/2020;17,22
05/11/2020;13,89
04/11/2020;12,39
03/11/2020;14,67
02/11/2020;15,91
01/11/2020;16,15
31/10/2020;15,41
30/10/2020;14,36
29/10/2020;14,75
28/10/2020;14,12
27/10/2020;13,29
26/10/2020;13,33
25/10/2020;14,91
24/10/2020;14,62
23/10/2020;15,68
22/10/2020;16,93
21/10/2020;18,24
20/10/2020;17,97
19/10/2020;16,48
18/10/2020;14,19
17/10/2020;12,50
16/10/2020;12,12
15/10/2020;13,18
14/10/2020;14,93
13/10/2020;15,91
12/10/2020;15,25
11/10/2020;15,69
10/10/2020;18,15
09/10/2020;19,05
08/10/2020;19,38
07/10/2020;19,51
06/10/2020;18,06
05/10/2020;16,29
04/10/2020;15,32
03/10/2020;14,67
02/10/2020;16,34
01/10/2020;19,33
30/09/2020;18,41
29/09/2020;18,13
28/09/2020;16,91
27/09/2020;18,00
26/09/2020;17,28
25/09/2020;18,42
24/09/2020;21,33
23/09/2020;21,33
22/09/2020;20,50
21/09/2020;20,67
20/09/2020;20,75
19/09/2020;20,20
18/09/2020;21,08
17/09/2020;23,48
16/09/2020;23,46
15/09/2020;23,89
14/09/2020;24,59
13/09/2020;25,24
12/09/2020;24,39
11/09/2020;23,66
10/09/2020;22,64
09/09/2020;21,58
08/09/2020;21,06
07/09/2020;21,40
06/09/2020;23,74
05/09/2020;23,76
04/09/2020;24,03
03/09/2020;23,02
02/09/2020;22,04
01/09/2020;21,07
31/08/2020;20,14
30/08/2020;19,31
29/08/2020;20,62
28/08/2020;25,19
27/08/2020;26,83
26/08/2020;26,70
25/08/2020;26,22
24/08/2020;25,24
23/08/2020;25,20
22/08/2020;25,63
21/08/2020;25,84
20/08/2020;25,71
19/08/2020;26,47
18/08/2020;24,93
17/08/2020;23,81
16/08/2020;23,77
15/08/2020;24,54
14/08/2020;24,78
13/08/2020;24,31
12/08/2020;23,64
11/08/2020;24,50
10/08/2020;26,59
09/08/2020;27,79
08/08/2020;27,65
07/08/2020;27,98
06/08/2020;27,51
05/08/2020;26,08
04/08/2020;24,85
03/08/2020;24,88
02/08/2020;26,57
01/08/2020;27,57
31/07/2020;28,00
30/07/2020;28,73
29/07/2020;27,37
28/07/2020;27,37
27/07/2020;28,16
26/07/2020;27,39
25/07/2020;26,81
24/07/2020;26,69
23/07/2020;26,67
22/07/2020;25,87
21/07/2020;26,34
20/07/2020;26,59
19/07/2020;26,20
18/07/2020;25,64
17/07/2020;25,45
16/07/2020;24,93
15/07/2020;24,12
14/07/2020;24,45
13/07/2020;25,32
12/07/2020;25,47
11/07/2020;25,76
10/07/2020;24,43
09/07/2020;24,93
08/07/2020;26,15
07/07/2020;26,22
06/07/2020;26,06
05/07/2020;25,73
04/07/2020;24,09
03/07/2020;23,27
02/07/2020;24,84
01/07/2020;25,81
30/06/2020;25,85
29/06/2020;25,36
28/06/2020;24,97
27/06/2020;24,04
26/06/2020;23,84
25/06/2020;24,56
24/06/2020;24,92
23/06/2020;25,71
22/06/2020;24,95
21/06/2020;23,91
20/06/2020;22,73
19/06/2020;21,27
18/06/2020;20,49
17/06/2020;20,19
16/06/2020;20,30
15/06/2020;20,66
14/06/2020;19,99
13/06/2020;18,80
12/06/2020;18,20
11/06/2020;19,40
10/06/2020;18,65
09/06/2020;17,59
08/06/2020;17,16
07/06/2020;19,26
06/06/2020;20,85
05/06/2020;19,78
04/06/2020;19,19
03/06/2020;21,38
02/06/2020;21,71
01/06/2020;21,23
31/05/2020;21,04
30/05/2020;22,14
29/05/2020;22,10
28/05/2020;22,39
27/05/2020;21,99
26/05/2020;21,05
25/05/2020;21,15
24/05/2020;21,53
23/05/2020;22,44
22/05/2020;22,69
21/05/2020;22,00
20/05/2020;21,24
19/05/2020;19,03
18/05/2020;18,63
17/05/2020;16,91
16/05/2020;15,86
15/05/2020;14,95
14/05/2020;14,35
13/05/2020;15,70
12/05/2020;15,21
11/05/2020;17,09
10/05/2020;16,62
09/05/2020;18,52
08/05/2020;19,96
07/05/2020;19,79
06/05/2020;19,03
05/05/2020;19,73
04/05/2020;21,12
03/05/2020;20,33
02/05/2020;20,33
01/05/2020;18,91
30/04/2020;17,32
29/04/2020;15,73
28/04/2020;14,84
27/04/2020;15,23
26/04/2020;15,79
25/04/2020;15,93
24/04/2020;16,43
23/04/2020;15,79
22/04/2020;14,89
21/04/2020;13,31
20/04/2020;14,55
19/04/2020;15,43
18/04/2020;15,75
17/04/2020;15,82
16/04/2020;15,42
15/04/2020;14,60
14/04/2020;14,47
13/04/2020;14,07
12/04/2020;15,16
11/04/2020;15,13
10/04/2020;14,76
09/04/2020;14,73
08/04/2020;15,31
07/04/2020;14,66
06/04/2020;14,11
05/04/2020;14,48
04/04/2020;12,50
03/04/2020;11,58
02/04/2020;10,94
01/04/2020;11,19
31/03/2020;8,48
30/03/2020;9,10
29/03/2020;12,08
28/03/2020;10,72
27/03/2020;9,02
26/03/2020;10,33
25/03/2020;11,33
24/03/2020;12,87
23/03/2020;11,97
22/03/2020;11,40
21/03/2020;11,34
20/03/2020;12,74
19/03/2020;13,06
18/03/2020;13,46
17/03/2020;11,93
16/03/2020;10,17
15/03/2020;12,47
14/03/2020;13,65
13/03/2020;14,06
12/03/2020;14,87
11/03/2020;14,71
10/03/2020;13,55
09/03/2020;13,11
08/03/2020;11,28
07/03/2020;10,90
06/03/2020;11,10
05/03/2020;13,92
04/03/2020;15,09
03/03/2020;12,21
02/03/2020;12,98
01/03/2020;14,24
29/02/2020;12,98
28/02/2020;13,06
27/02/2020;13,09
26/02/2020;12,26
25/02/2020;11,63
24/02/2020;11,34
23/02/2020;11,27
22/02/2020;10,87
21/02/2020;10,82
20/02/2020;9,61
19/02/2020;10,09
18/02/2020;10,63
17/02/2020;11,65
16/02/2020;12,46
15/02/2020;11,03
14/02/2020;11,52
13/02/2020;12,78
12/02/2020;11,96
11/02/2020;11,97
10/02/2020;12,70
09/02/2020;11,13
08/02/2020;9,77
07/02/2020;9,88
06/02/2020;8,99
05/02/2020;10,13
04/02/2020;12,70
03/02/2020;14,35
02/02/2020;14,57
01/02/2020;14,68
31/01/2020;13,76
30/01/2020;12,78
29/01/2020;12,42
28/01/2020;12,36
27/01/2020;9,31
26/01/2020;9,51
25/01/2020;9,48
24/01/2020;9,23
23/01/2020;8,62
22/01/2020;8,99
21/01/2020;7,66
20/01/2020;6,82
19/01/2020;8,86
18/01/2020;9,01
17/01/2020;10,39
16/01/2020;9,92
15/01/2020;8,25
14/01/2020;6,73
13/01/2020;5,51
12/01/2020;5,35
11/01/2020;6,80
10/01/2020;8,30
09/01/2020;8,23
08/01/2020;7,58
07/01/2020;6,71
06/01/2020;6,27
05/01/2020;7,15
04/01/2020;7,52
03/01/2020;6,53
02/01/2020;6,31
01/01/2020;6,48
31/12/2019;7,00
30/12/2019;7,48
29/12/2019;7,57
28/12/2019;7,70
27/12/2019;8,64
26/12/2019;10,89
25/12/2019;10,94
24/12/2019;11,30
23/12/2019;12,23
22/12/2019;14,09
21/12/2019;15,20
20/12/2019;14,21
19/12/2019;11,91
18/12/2019;10,49
17/12/2019;11,09
16/12/2019;11,34
15/12/2019;11,38
14/12/2019;12,98
13/12/2019;14,84
12/12/2019;10,10
11/12/2019;8,82
10/12/2019;8,86
09/12/2019;10,90
08/12/2019;9,07
07/12/2019;9,55
06/12/2019;10,47
05/12/2019;10,51
04/12/2019;9,58
03/12/2019;8,92
02/12/2019;10,19
01/12/2019;11,04
30/11/2019;13,09
29/11/2019;14,04
28/11/2019;13,31
27/11/2019;14,36
26/11/2019;13,85
25/11/2019;13,17
24/11/2019;11,18
23/11/2019;11,97
22/11/2019;11,76
21/11/2019;10,09
20/11/2019;7,72
19/11/2019;7,53
18/11/2019;9,39
17/11/2019;8,57
16/11/2019;7,65
15/11/2019;8,35
14/11/2019;9,89
13/11/2019;12,96
12/11/2019;11,46
11/11/2019;10,56
10/11/2019;10,58
09/11/2019;11,13
08/11/2019;10,57
07/11/2019;12,30
06/11/2019;13,24
05/11/2019;14,07
04/11/2019;16,87
03/11/2019;17,10
02/11/2019;18,53
01/11/2019;19,09
31/10/2019;18,82
30/10/2019;17,20
29/10/2019;16,44
28/10/2019;16,73
27/10/2019;16,01
26/10/2019;15,71
25/10/2019;15,06
24/10/2019;14,26
23/10/2019;12,96
22/10/2019;12,41
21/10/2019;12,70
20/10/2019;15,27
19/10/2019;17,49
18/10/2019;18,18
17/10/2019;16,39
16/10/2019;15,84
15/10/2019;15,45
14/10/2019;18,53
13/10/2019;20,52
12/10/2019;21,47
11/10/2019;20,14
10/10/2019;19,30
09/10/2019;20,13
08/10/2019;20,49
07/10/2019;20,07
06/10/2019;19,47
05/10/2019;19,49
04/10/2019;19,42
03/10/2019;18,88
02/10/2019;20,10
01/10/2019;21,05
30/09/2019;21,53
29/09/2019;21,18
28/09/2019;20,78
27/09/2019;21,12
26/09/2019;20,85
25/09/2019;21,25
24/09/2019;21,09
23/09/2019;19,63
22/09/2019;21,14
21/09/2019;21,10
20/09/2019;21,46
19/09/2019;21,89
18/09/2019;22,07
17/09/2019;22,38
16/09/2019;22,08
15/09/2019;21,41
14/09/2019;20,84
13/09/2019;20,70
12/09/2019;21,27
11/09/2019;19,75
10/09/2019;19,24
09/09/2019;21,71
08/09/2019;21,85
07/09/2019;21,23
06/09/2019;21,09
05/09/2019;22,29
04/09/2019;23,90
03/09/2019;24,08
02/09/2019;23,87
01/09/2019;24,47
31/08/2019;25,23
30/08/2019;25,52
29/08/2019;25,13
28/08/2019;23,80
27/08/2019;22,47
26/08/2019;23,65
25/08/2019;25,13
24/08/2019;24,86
23/08/2019;24,97
22/08/2019;24,17
21/08/2019;23,62
20/08/2019;23,75
19/08/2019;24,89
18/08/2019;25,83
17/08/2019;26,83
16/08/2019;25,67
15/08/2019;25,26
14/08/2019;23,91
13/08/2019;22,67
12/08/2019;22,56
11/08/2019;24,65
10/08/2019;25,74
09/08/2019;27,44
08/08/2019;27,26
07/08/2019;26,11
06/08/2019;26,24
05/08/2019;26,33
04/08/2019;26,08
03/08/2019;25,93
02/08/2019;25,87
01/08/2019;25,47
31/07/2019;24,25
30/07/2019;24,07
29/07/2019;24,43
28/07/2019;23,01
27/07/2019;23,28
26/07/2019;25,55
25/07/2019;27,60
24/07/2019;28,05
23/07/2019;28,13
22/07/2019;28,03
21/07/2019;27,07
20/07/2019;27,44
19/07/2019;26,61
18/07/2019;25,02
17/07/2019;24,76
16/07/2019;25,27
15/07/2019;25,47
14/07/2019;25,19
13/07/2019;26,30
12/07/2019;26,82
11/07/2019;26,18
10/07/2019;24,30
09/07/2019;23,18
08/07/2019;23,92
07/07/2019;25,68
06/07/2019;25,62
05/07/2019;25,87
04/07/2019;25,75
03/07/2019;25,03
02/07/2019;24,70
01/07/2019;25,49
30/06/2019;26,73
29/06/2019;27,80
28/06/2019;27,83
27/06/2019;27,11
26/06/2019;26,13
25/06/2019;24,18
24/06/2019;23,76
23/06/2019;23,73
22/06/2019;22,47
21/06/2019;21,57
20/06/2019;21,57
19/06/2019;22,01
18/06/2019;22,50
17/06/2019;21,70
16/06/2019;20,32
15/06/2019;19,67
14/06/2019;19,84
13/06/2019;19,21
12/06/2019;17,12
11/06/2019;17,42
10/06/2019;19,43
09/06/2019;20,18
08/06/2019;19,10
07/06/2019;18,68
06/06/2019;18,32
05/06/2019;18,51
04/06/2019;21,33
03/06/2019;22,71
02/06/2019;22,65
01/06/2019;22,60
31/05/2019;21,94
30/05/2019;20,30
29/05/2019;18,79
28/05/2019;18,74
27/05/2019;19,23
26/05/2019;18,39
25/05/2019;17,86
24/05/2019;18,11
23/05/2019;19,71
22/05/2019;18,87
21/05/2019;17,52
20/05/2019;16,10
19/05/2019;15,16
18/05/2019;14,52
17/05/2019;15,28
16/05/2019;18,34
15/05/2019;19,39
14/05/2019;18,71
13/05/2019;18,79
12/05/2019;18,28
11/05/2019;19,14
10/05/2019;19,84
09/05/2019;17,77
08/05/2019;18,38
07/05/2019;16,95
06/05/2019;15,55
05/05/2019;15,24
04/05/2019;14,63
03/05/2019;14,83
02/05/2019;16,77
01/05/2019;16,82
30/04/2019;16,89
29/04/2019;16,58
28/04/2019;15,80
27/04/2019;14,45
26/04/2019;14,07
25/04/2019;13,69
24/04/2019;12,12
23/04/2019;13,22
22/04/2019;14,59
21/04/2019;13,53
20/04/2019;14,91
19/04/2019;13,49
18/04/2019;13,63
17/04/2019;15,71
16/04/2019;14,83
15/04/2019;16,23
14/04/2019;16,18
13/04/2019;13,96
12/04/2019;12,93
11/04/2019;12,30
10/04/2019;12,11
09/04/2019;12,07
08/04/2019;12,86
07/04/2019;10,92
06/04/2019;9,73
05/04/2019;9,96
04/04/2019;10,36
03/04/2019;12,36
02/04/2019;13,22
01/04/2019;12,78
31/03/2019;12,10
30/03/2019;12,56
29/03/2019;11,99
28/03/2019;11,89
27/03/2019;12,04
26/03/2019;13,36
25/03/2019;13,93
24/03/2019;14,16
23/03/2019;13,29
22/03/2019;11,78
21/03/2019;10,49
20/03/2019;10,58
19/03/2019;11,29
18/03/2019;11,38
17/03/2019;13,54
16/03/2019;13,34
15/03/2019;12,80
14/03/2019;11,39
13/03/2019;11,96
12/03/2019;12,79
11/03/2019;13,31
10/03/2019;13,28
09/03/2019;12,42
08/03/2019;11,29
07/03/2019;11,10
06/03/2019;12,93
05/03/2019;13,43
04/03/2019;14,08
03/03/2019;13,28
02/03/2019;12,91
01/03/2019;11,69
28/02/2019;11,72
27/02/2019;12,00
26/02/2019;11,89
25/02/2019;11,11
24/02/2019;11,26
23/02/2019;11,42
22/02/2019;11,13
21/02/2019;10,16
20/02/2019;9,53
19/02/2019;9,42
18/02/2019;9,37
17/02/2019;9,48
16/02/2019;9,98
15/02/2019;9,31
14/02/2019;9,12
13/02/2019;8,82
12/02/2019;8,70
11/02/2019;10,57
10/02/2019;10,65
09/02/2019;9,49
08/02/2019;8,94
07/02/2019;9,49
06/02/2019;9,44
05/02/2019;9,08
04/02/2019;6,51
03/02/2019;6,58
02/02/2019;7,79
01/02/2019;10,77
31/01/2019;12,06
30/01/2019;9,37
29/01/2019;9,36
28/01/2019;9,44
27/01/2019;9,09
26/01/2019;8,97
25/01/2019;10,94
24/01/2019;10,75
23/01/2019;10,56
22/01/2019;6,19
21/01/2019;7,37
20/01/2019;8,43
19/01/2019;6,26
18/01/2019;6,15
17/01/2019;7,26
16/01/2019;6,98
15/01/2019;7,42
14/01/2019;8,29
13/01/2019;6,39
12/01/2019;5,44
11/01/2019;4,43
10/01/2019;6,47
09/01/2019;7,83
08/01/2019;6,40
07/01/2019;6,19
06/01/2019;6,60
05/01/2019;5,34
04/01/2019;5,46
03/01/2019;6,06
02/01/2019;6,53
01/01/2019;6,65
31/12/2018;7,07
30/12/2018;7,56
29/12/2018;8,18
28/12/2018;8,18
27/12/2018;7,77
26/12/2018;8,33
25/12/2018;8,35
24/12/2018;8,68
23/12/2018;9,33
22/12/2018;10,73
21/12/2018;10,45
20/12/2018;10,19
19/12/2018;10,31
18/12/2018;7,90
17/12/2018;8,70
16/12/2018;11,31
15/12/2018;9,70
14/12/2018;9,17
13/12/2018;10,32
12/12/2018;9,75
11/12/2018;8,61
10/12/2018;9,99
09/12/2018;10,82
08/12/2018;10,58
07/12/2018;9,47
06/12/2018;11,41
05/12/2018;11,38
04/12/2018;12,10
03/12/2018;11,64
02/12/2018;11,06
01/12/2018;9,53
30/11/2018;10,67
29/11/2018;9,28
28/11/2018;9,21
27/11/2018;9,92
26/11/2018;11,14
25/11/2018;11,44
24/11/2018;9,18
23/11/2018;11,13
22/11/2018;10,97
21/11/2018;11,25
20/11/2018;11,24
19/11/2018;12,07
18/11/2018;12,57
17/11/2018;14,40
16/11/2018;14,80
15/11/2018;15,01
14/11/2018;14,43
13/11/2018;13,80
12/11/2018;13,75
11/11/2018;15,30
10/11/2018;13,86
09/11/2018;12,32
08/11/2018;12,08
07/11/2018;12,69
06/11/2018;11,68
05/11/2018;11,84
04/11/2018;11,37
03/11/2018;11,76
02/11/2018;13,03
01/11/2018;11,43
31/10/2018;10,89
30/10/2018;9,93
29/10/2018;8,71
28/10/2018;8,47
27/10/2018;13,05
26/10/2018;15,02
25/10/2018;16,19
24/10/2018;16,64
23/10/2018;16,84
22/10/2018;17,51
21/10/2018;17,94
20/10/2018;17,23
19/10/2018;16,82
18/10/2018;16,52
17/10/2018;16,75
16/10/2018;16,36
15/10/2018;15,48
14/10/2018;17,74
13/10/2018;20,93
12/10/2018;20,71
11/10/2018;19,00
10/10/2018;17,79
09/10/2018;16,21
08/10/2018;16,37
07/10/2018;17,62
06/10/2018;19,34
05/10/2018;19,60
04/10/2018;19,80
03/10/2018;19,19
02/10/2018;18,29
01/10/2018;19,88
30/09/2018;21,01
29/09/2018;21,45
28/09/2018;21,43
27/09/2018;21,86
26/09/2018;22,31
25/09/2018;21,68
24/09/2018;23,62
23/09/2018;24,44
22/09/2018;24,29
21/09/2018;23,59
20/09/2018;23,56
19/09/2018;23,28
18/09/2018;22,69
17/09/2018;23,54
16/09/2018;22,97
15/09/2018;22,89
14/09/2018;23,38
13/09/2018;23,53
12/09/2018;23,30
11/09/2018;22,95
10/09/2018;22,75
09/09/2018;22,27
08/09/2018;21,60
07/09/2018;22,16
06/09/2018;22,07
05/09/2018;22,93
04/09/2018;23,58
03/09/2018;24,80
02/09/2018;25,95
01/09/2018;25,41
31/08/2018;24,93
30/08/2018;24,60
29/08/2018;24,66
28/08/2018;26,15
27/08/2018;25,52
26/08/2018;24,02
25/08/2018;23,88
24/08/2018;24,81
23/08/2018;25,48
22/08/2018;25,79
21/08/2018;25,84
20/08/2018;25,45
19/08/2018;24,75
18/08/2018;23,37
17/08/2018;23,61
16/08/2018;24,79
15/08/2018;25,04
14/08/2018;24,86
13/08/2018;25,30
12/08/2018;26,42
11/08/2018;26,00
10/08/2018;24,19
09/08/2018;24,64
08/08/2018;26,01
07/08/2018;27,73
06/08/2018;28,64
05/08/2018;29,08
04/08/2018;29,01
03/08/2018;29,42
02/08/2018;28,57
01/08/2018;27,12
31/07/2018;25,73
30/07/2018;25,64
29/07/2018;25,51
28/07/2018;25,23
27/07/2018;25,38
26/07/2018;25,53
25/07/2018;25,65
24/07/2018;25,59
23/07/2018;25,25
22/07/2018;23,87
21/07/2018;23,49
20/07/2018;24,10
19/07/2018;24,70
18/07/2018;25,48
17/07/2018;24,74
16/07/2018;24,15
15/07/2018;24,29
14/07/2018;25,49
13/07/2018;25,08
12/07/2018;24,58
11/07/2018;25,07
10/07/2018;25,90
09/07/2018;26,24
08/07/2018;25,83
07/07/2018;25,03
06/07/2018;23,87
05/07/2018;23,33
04/07/2018;23,40
03/07/2018;23,96
02/07/2018;23,24
01/07/2018;23,34
30/06/2018;23,25
29/06/2018;23,58
28/06/2018;23,74
27/06/2018;24,24
26/06/2018;24,61
25/06/2018;24,97
24/06/2018;25,14
23/06/2018;24,96
22/06/2018;24,80
21/06/2018;24,70
20/06/2018;24,40
19/06/2018;23,38
18/06/2018;23,11
17/06/2018;22,70
16/06/2018;22,19
15/06/2018;21,12
14/06/2018;20,22
13/06/2018;20,30
12/06/2018;19,87
11/06/2018;19,13
10/06/2018;18,54
09/06/2018;18,72
08/06/2018;18,53
07/06/2018;18,72
06/06/2018;17,38
05/06/2018;17,98
04/06/2018;18,40
03/06/2018;18,47
02/06/2018;18,36
01/06/2018;18,83
31/05/2018;18,90
30/05/2018;17,46
29/05/2018;17,41
28/05/2018;17,84
27/05/2018;18,80
26/05/2018;18,19
25/05/2018;18,04
24/05/2018;19,81
23/05/2018;19,20
22/05/2018;18,14
21/05/2018;17,46
20/05/2018;17,58
19/05/2018;18,05
18/05/2018;17,49
17/05/2018;17,72
16/05/2018;17,10
15/05/2018;15,67
14/05/2018;14,74
13/05/2018;13,54
12/05/2018;16,34
11/05/2018;17,06
10/05/2018;17,26
09/05/2018;17,43
08/05/2018;17,07
07/05/2018;17,14
06/05/2018;17,27
05/05/2018;15,96
04/05/2018;14,32
03/05/2018;14,42
02/05/2018;12,81
01/05/2018;11,03
30/04/2018;11,16
29/04/2018;12,28
28/04/2018;14,83
27/04/2018;17,22
26/04/2018;17,23
25/04/2018;17,73
24/04/2018;18,25
23/04/2018;17,51
22/04/2018;17,17
21/04/2018;16,43
20/04/2018;16,56
19/04/2018;16,81
18/04/2018;16,88
17/04/2018;15,05
16/04/2018;13,64
15/04/2018;14,14
14/04/2018;12,32
13/04/2018;11,38
12/04/2018;11,13
11/04/2018;9,81
10/04/2018;9,60
09/04/2018;10,42
08/04/2018;11,88
07/04/2018;12,28
06/04/2018;13,65
05/04/2018;13,55
04/04/2018;13,99
03/04/2018;14,42
02/04/2018;13,72
01/04/2018;12,04
31/03/2018;10,97
30/03/2018;10,94
29/03/2018;12,95
28/03/2018;14,29
27/03/2018;13,17
26/03/2018;10,72
25/03/2018;9,89
24/03/2018;9,75
23/03/2018;10,21
22/03/2018;8,14
21/03/2018;7,60
20/03/2018;6,98
19/03/2018;8,44
18/03/2018;9,55
17/03/2018;8,81
16/03/2018;10,05
15/03/2018;11,67
14/03/2018;12,20
13/03/2018;11,81
12/03/2018;12,07
11/03/2018;11,83
10/03/2018;13,94
09/03/2018;13,41
08/03/2018;10,94
07/03/2018;9,67
06/03/2018;9,99
05/03/2018;10,17
04/03/2018;11,52
03/03/2018;11,87
02/03/2018;9,88
01/03/2018;11,05
28/02/2018;7,30
27/02/2018;5,45
26/02/2018;7,82
25/02/2018;7,48
24/02/2018;5,70
23/02/2018;5,39
22/02/2018;6,02
21/02/2018;9,18
20/02/2018;11,18
19/02/2018;10,45
18/02/2018;9,62
17/02/2018;10,49
16/02/2018;11,30
15/02/2018;11,17
14/02/2018;9,93
13/02/2018;6,20
12/02/2018;8,23
11/02/2018;9,00
10/02/2018;6,88
09/02/2018;4,68
08/02/2018;3,91
07/02/2018;4,43
06/02/2018;5,32
05/02/2018;5,41
04/02/2018;6,02
03/02/2018;6,56
02/02/2018;6,03
01/02/2018;7,25
31/01/2018;7,91
30/01/2018;8,26
29/01/2018;9,33
28/01/2018;9,08
27/01/2018;8,15
26/01/2018;8,13
25/01/2018;8,90
24/01/2018;9,46
23/01/2018;10,41
22/01/2018;11,69
21/01/2018;12,71
20/01/2018;10,13
19/01/2018;9,05
18/01/2018;8,54
17/01/2018;10,19
16/01/2018;9,68
15/01/2018;6,82
14/01/2018;6,86
13/01/2018;6,07
12/01/2018;6,87
11/01/2018;8,53
10/01/2018;8,73
09/01/2018;5,72
08/01/2018;5,68
07/01/2018;6,32
06/01/2018;7,50
05/01/2018;12,21
04/01/2018;14,33
03/01/2018;13,67
02/01/2018;12,24
01/01/2018;10,75
31/12/2017;10,94
30/12/2017;13,25
29/12/2017;12,86
28/12/2017;11,58
27/12/2017;10,50
26/12/2017;9,13
25/12/2017;7,01
24/12/2017;7,36
23/12/2017;8,20
22/12/2017;7,65
21/12/2017;7,94
20/12/2017;6,63
19/12/2017;8,90
18/12/2017;6,71
17/12/2017;6,40
16/12/2017;7,70
15/12/2017;11,23
14/12/2017;10,48
13/12/2017;7,05
12/12/2017;6,96
11/12/2017;10,53
10/12/2017;12,78
09/12/2017;10,30
08/12/2017;8,30
07/12/2017;6,66
06/12/2017;5,08
05/12/2017;5,25
04/12/2017;5,63
03/12/2017;5,59
02/12/2017;5,35
01/12/2017;5,52
30/11/2017;6,60
29/11/2017;9,04
28/11/2017;8,33
27/11/2017;7,52
26/11/2017;9,60
25/11/2017;11,84
24/11/2017;13,34
23/11/2017;12,59
22/11/2017;10,74
21/11/2017;9,98
20/11/2017;9,88
19/11/2017;9,98
18/11/2017;10,73
17/11/2017;10,37
16/11/2017;9,43
15/11/2017;8,82
14/11/2017;9,30
13/11/2017;11,90
12/11/2017;12,72
11/11/2017;12,39
10/11/2017;11,13
09/11/2017;10,16
08/11/2017;10,41
07/11/2017;10,38
06/11/2017;12,11
05/11/2017;13,93
04/11/2017;15,17
03/11/2017;15,95
02/11/2017;16,31
01/11/2017;15,33
31/10/2017;14,33
30/10/2017;15,07
29/10/2017;15,70
28/10/2017;17,17
27/10/2017;17,84
26/10/2017;17,35
25/10/2017;17,01
24/10/2017;16,77
23/10/2017;15,35
22/10/2017;15,84
21/10/2017;17,87
20/10/2017;17,55
19/10/2017;15,38
18/10/2017;16,37
17/10/2017;18,16
16/10/2017;20,26
15/10/2017;21,80
14/10/2017;20,28
13/10/2017;19,79
12/10/2017;19,47
11/10/2017;18,86
10/10/2017;18,53
09/10/2017;18,51
08/10/2017;18,55
07/10/2017;18,72
06/10/2017;20,84
05/10/2017;21,42
04/10/2017;21,83
03/10/2017;21,62
02/10/2017;21,44
01/10/2017;20,73
30/09/2017;20,27
29/09/2017;20,88
28/09/2017;21,01
27/09/2017;20,07
26/09/2017;20,05
25/09/2017;20,90
24/09/2017;21,14
23/09/2017;20,63
22/09/2017;20,31
21/09/2017;19,99
20/09/2017;19,05
19/09/2017;18,88
18/09/2017;18,68
17/09/2017;17,32
16/09/2017;16,25
15/09/2017;17,85
14/09/2017;21,82
13/09/2017;22,47
12/09/2017;21,84
11/09/2017;22,00
10/09/2017;19,49
09/09/2017;20,52
08/09/2017;22,19
07/09/2017;22,56
06/09/2017;24,08
05/09/2017;24,06
04/09/2017;23,56
03/09/2017;22,81
02/09/2017;21,46
01/09/2017;21,86
31/08/2017;22,15
30/08/2017;22,02
29/08/2017;21,96
28/08/2017;22,67
27/08/2017;24,69
26/08/2017;25,70
25/08/2017;25,49
24/08/2017;25,75
23/08/2017;26,01
22/08/2017;26,65
21/08/2017;26,42
20/08/2017;25,74
19/08/2017;25,79
18/08/2017;26,48
17/08/2017;26,51
16/08/2017;25,69
15/08/2017;25,77
14/08/2017;25,69
13/08/2017;24,40
12/08/2017;23,45
11/08/2017;21,87
10/08/2017;20,71
09/08/2017;21,94
08/08/2017;24,48
07/08/2017;26,35
06/08/2017;26,51
05/08/2017;27,86
04/08/2017;28,30
03/08/2017;27,33
02/08/2017;26,38
01/08/2017;25,20
31/07/2017;25,41
30/07/2017;26,58
29/07/2017;27,02
28/07/2017;26,68
27/07/2017;25,95
26/07/2017;24,12
25/07/2017;23,60
24/07/2017;24,45
23/07/2017;24,66
22/07/2017;24,32
21/07/2017;24,15
20/07/2017;24,56
19/07/2017;26,10
18/07/2017;26,95
17/07/2017;27,04
16/07/2017;26,88
15/07/2017;26,11
14/07/2017;26,78
13/07/2017;27,12
12/07/2017;26,56
11/07/2017;25,18
10/07/2017;24,43
09/07/2017;23,89
08/07/2017;22,71
07/07/2017;22,39
06/07/2017;22,57
05/07/2017;24,94
04/07/2017;25,12
03/07/2017;23,91
02/07/2017;21,57
01/07/2017;19,63
30/06/2017;19,33
29/06/2017;20,39
28/06/2017;22,82
27/06/2017;23,64
26/06/2017;24,34
25/06/2017;25,02
24/06/2017;25,92
23/06/2017;26,21
22/06/2017;26,54
21/06/2017;26,66
20/06/2017;26,76
19/06/2017;27,01
18/06/2017;27,80
17/06/2017;27,93
16/06/2017;26,95
15/06/2017;26,06
14/06/2017;26,10
13/06/2017;25,82
12/06/2017;25,63
11/06/2017;25,24
10/06/2017;24,01
09/06/2017;23,32
08/06/2017;23,23
07/06/2017;21,70
06/06/2017;20,97
05/06/2017;19,67
04/06/2017;19,36
03/06/2017;21,48
02/06/2017;22,59
01/06/2017;22,45
31/05/2017;21,32
30/05/2017;20,61
29/05/2017;20,92
28/05/2017;21,85
27/05/2017;22,49
26/05/2017;22,41
25/05/2017;23,62
24/05/2017;22,70
23/05/2017;21,80
22/05/2017;20,40
21/05/2017;19,60
20/05/2017;18,00
19/05/2017;16,36
18/05/2017;17,36
17/05/2017;20,60
16/05/2017;21,73
15/05/2017;20,08
14/05/2017;18,58
13/05/2017;17,74
12/05/2017;16,66
11/05/2017;16,74
10/05/2017;17,94
09/05/2017;18,31
08/05/2017;18,77
07/05/2017;17,83
06/05/2017;17,16
05/05/2017;17,36
04/05/2017;17,55
03/05/2017;16,98
02/05/2017;15,21
01/05/2017;13,29
30/04/2017;13,44
29/04/2017;12,30
28/04/2017;10,96
27/04/2017;10,87
26/04/2017;14,11
25/04/2017;16,02
24/04/2017;16,27
23/04/2017;15,86
22/04/2017;14,24
21/04/2017;13,68
20/04/2017;14,11
19/04/2017;15,62
18/04/2017;17,57
17/04/2017;17,06
16/04/2017;16,46
15/04/2017;16,84
14/04/2017;17,23
13/04/2017;16,72
12/04/2017;16,60
11/04/2017;16,18
10/04/2017;15,51
09/04/2017;14,93
08/04/2017;15,02
07/04/2017;14,40
06/04/2017;14,22
05/04/2017;13,53
04/04/2017;13,57
03/04/2017;12,77
02/04/2017;12,62
01/04/2017;13,41
31/03/2017;14,44
30/03/2017;14,74
29/03/2017;13,84
28/03/2017;12,77
27/03/2017;12,34
26/03/2017;11,29
25/03/2017;8,19
24/03/2017;7,39
23/03/2017;7,76
22/03/2017;10,66
21/03/2017;12,39
20/03/2017;14,06
19/03/2017;13,18
18/03/2017;12,65
17/03/2017;12,24
16/03/2017;12,64
15/03/2017;13,26
14/03/2017;13,00
13/03/2017;11,44
12/03/2017;13,00
11/03/2017;14,67
10/03/2017;15,66
09/03/2017;14,44
08/03/2017;13,89
07/03/2017;14,71
06/03/2017;15,06
05/03/2017;11,38
04/03/2017;8,63
03/03/2017;9,78
02/03/2017;11,26
01/03/2017;11,56
28/02/2017;11,92
27/02/2017;12,05
26/02/2017;10,32
25/02/2017;10,48
24/02/2017;11,43
23/02/2017;11,81
22/02/2017;11,44
21/02/2017;10,36
20/02/2017;9,96
19/02/2017;10,65
18/02/2017;9,21
17/02/2017;9,85
16/02/2017;10,54
15/02/2017;11,01
14/02/2017;10,35
13/02/2017;11,98
12/02/2017;11,44
11/02/2017;8,53
10/02/2017;7,18
09/02/2017;7,24
08/02/2017;8,46
07/02/2017;11,75
06/02/2017;11,90
05/02/2017;11,27
04/02/2017;13,08
03/02/2017;11,78
02/02/2017;11,09
01/02/2017;10,13
31/01/2017;10,46
30/01/2017;10,78
29/01/2017;8,72
28/01/2017;8,58
27/01/2017;8,52
26/01/2017;5,77
25/01/2017;5,41
24/01/2017;6,31
23/01/2017;7,07
22/01/2017;6,63
21/01/2017;6,98
20/01/2017;5,97
19/01/2017;4,12
18/01/2017;2,67
17/01/2017;6,90
16/01/2017;8,67
15/01/2017;7,03
14/01/2017;6,22
13/01/2017;9,14
12/01/2017;9,89
11/01/2017;10,87
10/01/2017;8,22
09/01/2017;6,29
08/01/2017;5,73
07/01/2017;5,25
06/01/2017;5,65
05/01/2017;8,00
04/01/2017;8,09
03/01/2017;7,06
02/01/2017;6,05
01/01/2017;4,67
31/12/2016;4,78
30/12/2016;5,72
29/12/2016;6,83
28/12/2016;8,09
27/12/2016;8,01
26/12/2016;7,85
25/12/2016;8,37
24/12/2016;9,22
23/12/2016;9,24
22/12/2016;9,22
21/12/2016;9,20
20/12/2016;8,10
19/12/2016;8,02
18/12/2016;9,21
17/12/2016;10,75
16/12/2016;9,74
15/12/2016;9,32
14/12/2016;9,26
13/12/2016;8,47
12/12/2016;8,92
11/12/2016;9,73
10/12/2016;11,10
09/12/2016;10,60
08/12/2016;10,52
07/12/2016;10,38
06/12/2016;11,70
05/12/2016;13,68
04/12/2016;12,60
03/12/2016;9,84
02/12/2016;10,20
01/12/2016;10,98
30/11/2016;11,59
29/11/2016;10,24
28/11/2016;10,63
27/11/2016;11,21
26/11/2016;10,10
25/11/2016;7,98
24/11/2016;8,19
23/11/2016;9,99
22/11/2016;10,80
21/11/2016;13,92
20/11/2016;12,62
19/11/2016;11,47
18/11/2016;11,23
17/11/2016;10,95
16/11/2016;10,06
15/11/2016;10,67
14/11/2016;11,63
13/11/2016;12,80
12/11/2016;11,40
11/11/2016;11,04
10/11/2016;11,30
09/11/2016;12,26
08/11/2016;9,47
07/11/2016;8,75
06/11/2016;11,39
05/11/2016;15,17
04/11/2016;15,21
03/11/2016;14,94
02/11/2016;15,14
01/11/2016;15,00
31/10/2016;14,53
30/10/2016;14,52
29/10/2016;16,26
28/10/2016;17,28
27/10/2016;18,64
26/10/2016;18,87
25/10/2016;17,95
24/10/2016;16,33
23/10/2016;17,11
22/10/2016;16,00
21/10/2016;15,24
20/10/2016;16,61
19/10/2016;17,62
18/10/2016;18,03
17/10/2016;17,57
16/10/2016;16,59
15/10/2016;15,47
14/10/2016;15,93
13/10/2016;15,84
12/10/2016;15,62
11/10/2016;16,44
10/10/2016;17,17
09/10/2016;18,33
08/10/2016;18,56
07/10/2016;18,61
06/10/2016;19,79
05/10/2016;20,07
04/10/2016;20,38
03/10/2016;20,13
02/10/2016;19,69
01/10/2016;20,20
30/09/2016;20,23
29/09/2016;20,44
28/09/2016;21,28
27/09/2016;21,56
26/09/2016;20,87
25/09/2016;20,46
24/09/2016;20,43
23/09/2016;20,47
22/09/2016;20,45
21/09/2016;20,22
20/09/2016;20,17
19/09/2016;19,13
18/09/2016;19,05
17/09/2016;18,95
16/09/2016;19,52
15/09/2016;17,95
14/09/2016;17,94
13/09/2016;22,11
12/09/2016;24,94
11/09/2016;24,36
10/09/2016;23,93
09/09/2016;23,85
08/09/2016;24,28
07/09/2016;26,58
06/09/2016;27,64
05/09/2016;27,38
04/09/2016;27,13
03/09/2016;26,38
02/09/2016;25,60
01/09/2016;25,27
31/08/2016;24,19
30/08/2016;24,07
29/08/2016;25,15
28/08/2016;25,78
27/08/2016;25,89
26/08/2016;25,37
25/08/2016;25,47
24/08/2016;25,71
23/08/2016;26,17
22/08/2016;25,74
21/08/2016;24,19
20/08/2016;25,66
19/08/2016;25,70
18/08/2016;25,40
17/08/2016;25,39
16/08/2016;25,39
15/08/2016;25,31
14/08/2016;25,15
13/08/2016;24,72
12/08/2016;24,12
11/08/2016;22,86
10/08/2016;22,60
09/08/2016;24,88
08/08/2016;26,07
07/08/2016;26,01
06/08/2016;25,51
05/08/2016;25,41
04/08/2016;26,62
03/08/2016;26,46
02/08/2016;25,92
01/08/2016;25,36
31/07/2016;25,68
30/07/2016;26,51
29/07/2016;26,93
28/07/2016;26,33
27/07/2016;26,43
26/07/2016;26,71
25/07/2016;26,15
24/07/2016;24,99
23/07/2016;23,96
22/07/2016;24,88
21/07/2016;25,59
20/07/2016;26,56
19/07/2016;26,68
18/07/2016;26,75
17/07/2016;25,53
16/07/2016;24,44
15/07/2016;22,75
14/07/2016;21,99
13/07/2016;22,83
12/07/2016;24,93
11/07/2016;26,57
10/07/2016;27,48
09/07/2016;26,89
08/07/2016;25,81
07/07/2016;24,79
06/07/2016;25,26
05/07/2016;24,83
04/07/2016;24,73
03/07/2016;25,31
02/07/2016;24,63
01/07/2016;24,53
30/06/2016;24,30
29/06/2016;24,56
28/06/2016;24,38
27/06/2016;23,36
26/06/2016;22,23
25/06/2016;23,07
24/06/2016;23,62
23/06/2016;24,17
22/06/2016;24,55
21/06/2016;23,73
20/06/2016;21,88
19/06/2016;19,52
18/06/2016;18,83
17/06/2016;18,56
16/06/2016;18,16
15/06/2016;20,02
14/06/2016;22,98
13/06/2016;24,35
12/06/2016;22,60
11/06/2016;22,32
10/06/2016;23,37
09/06/2016;24,25
08/06/2016;23,87
07/06/2016;22,77
06/06/2016;21,42
05/06/2016;20,94
04/06/2016;20,16
03/06/2016;20,47
02/06/2016;19,52
01/06/2016;18,66
31/05/2016;18,11
30/05/2016;17,69
29/05/2016;17,69
28/05/2016;17,95
27/05/2016;19,12
26/05/2016;18,89
25/05/2016;18,43
24/05/2016;18,06
23/05/2016;16,48
22/05/2016;18,40
21/05/2016;19,54
20/05/2016;19,53
19/05/2016;18,54
18/05/2016;17,98
17/05/2016;17,28
16/05/2016;16,84
15/05/2016;17,11
14/05/2016;15,71
13/05/2016;14,57
12/05/2016;14,15
11/05/2016;13,94
10/05/2016;13,84
09/05/2016;14,70
08/05/2016;14,70
07/05/2016;15,30
06/05/2016;15,12
05/05/2016;16,21
04/05/2016;17,22
03/05/2016;16,14
02/05/2016;14,29
01/05/2016;12,90
30/04/2016;14,10
29/04/2016;14,05
28/04/2016;13,95
27/04/2016;14,46
26/04/2016;14,38
25/04/2016;13,59
24/04/2016;14,20
23/04/2016;14,24
22/04/2016;14,13
21/04/2016;14,35
20/04/2016;13,80
19/04/2016;14,32
18/04/2016;14,60
17/04/2016;14,94
16/04/2016;15,10
15/04/2016;14,71
14/04/2016;14,72
13/04/2016;14,18
12/04/2016;12,87
11/04/2016;12,16
10/04/2016;12,32
09/04/2016;12,00
08/04/2016;11,01
07/04/2016;13,14
06/04/2016;13,07
05/04/2016;12,31
04/04/2016;11,43
03/04/2016;12,57
02/04/2016;11,08
01/04/2016;10,26
31/03/2016;11,78
30/03/2016;13,76
29/03/2016;14,33
28/03/2016;13,41
27/03/2016;13,76
26/03/2016;13,52
25/03/2016;12,20
24/03/2016;11,14
23/03/2016;10,58
22/03/2016;10,79
21/03/2016;10,38
20/03/2016;10,60
19/03/2016;11,37
18/03/2016;10,17
17/03/2016;9,84
16/03/2016;9,87
15/03/2016;9,40
14/03/2016;8,88
13/03/2016;9,13
12/03/2016;8,49
11/03/2016;9,18
10/03/2016;8,97
09/03/2016;8,57
08/03/2016;8,58
07/03/2016;8,38
06/03/2016;8,44
05/03/2016;9,46
04/03/2016;10,54
03/03/2016;11,31
02/03/2016;11,74
01/03/2016;9,77
29/02/2016;9,70
28/02/2016;8,80
27/02/2016;7,49
26/02/2016;9,18
25/02/2016;11,12
24/02/2016;9,77
23/02/2016;11,18
22/02/2016;11,04
21/02/2016;9,70
20/02/2016;8,48
19/02/2016;7,50
18/02/2016;7,42
17/02/2016;5,23
16/02/2016;6,11
15/02/2016;8,08
14/02/2016;10,91
13/02/2016;15,43
12/02/2016;13,82
11/02/2016;13,12
10/02/2016;13,10
09/02/2016;13,43
08/02/2016;11,80
07/02/2016;10,70
06/02/2016;9,42
05/02/2016;8,31
04/02/2016;8,55
03/02/2016;10,71
02/02/2016;10,25
01/02/2016;11,51
31/01/2016;11,19
30/01/2016;9,65
29/01/2016;9,83
28/01/2016;9,94
27/01/2016;10,44
26/01/2016;10,82
25/01/2016;11,75
24/01/2016;11,69
23/01/2016;12,19
22/01/2016;10,62
21/01/2016;8,94
20/01/2016;7,94
19/01/2016;7,78
18/01/2016;8,64
17/01/2016;5,36
16/01/2016;6,69
15/01/2016;8,87
14/01/2016;8,89
13/01/2016;7,60
12/01/2016;9,45
11/01/2016;12,64
10/01/2016;12,83
09/01/2016;12,82
08/01/2016;13,97
07/01/2016;13,94
06/01/2016;9,00
05/01/2016;9,69
04/01/2016;13,41
03/01/2016;10,84
02/01/2016;11,35
01/01/2016;11,90
31/12/2015;11,30
30/12/2015;10,39
29/12/2015;11,21
28/12/2015;11,45
27/12/2015;9,78
26/12/2015;8,74
25/12/2015;8,91
24/12/2015;9,59
23/12/2015;9,54
22/12/2015;9,82
21/12/2015;10,36
20/12/2015;10,78
19/12/2015;10,96
18/12/2015;10,96
17/12/2015;11,16
16/12/2015;11,50
15/12/2015;11,86
14/12/2015;11,08
13/12/2015;9,61
12/12/2015;9,79
11/12/2015;10,19
10/12/2015;10,36
09/12/2015;11,03
08/12/2015;11,44
07/12/2015;10,98
06/12/2015;10,63
05/12/2015;10,42
04/12/2015;10,18
03/12/2015;9,89
02/12/2015;8,46
01/12/2015;7,55
30/11/2015;7,94
29/11/2015;8,58
28/11/2015;10,23
27/11/2015;12,15
26/11/2015;12,27
25/11/2015;11,29
24/11/2015;7,49
23/11/2015;7,03
22/11/2015;8,15
21/11/2015;13,05
20/11/2015;14,44
19/11/2015;13,15
18/11/2015;12,27
17/11/2015;12,09
16/11/2015;11,99
15/11/2015;12,30
14/11/2015;13,53
13/11/2015;13,61
12/11/2015;13,21
11/11/2015;13,38
10/11/2015;14,16
09/11/2015;15,26
08/11/2015;16,26
07/11/2015;16,36
06/11/2015;16,55
05/11/2015;16,47
04/11/2015;15,48
03/11/2015;14,95
02/11/2015;15,20
01/11/2015;16,57
31/10/2015;16,77
30/10/2015;16,50
29/10/2015;16,04
28/10/2015;15,13
27/10/2015;15,86
26/10/2015;16,81
25/10/2015;16,85
24/10/2015;16,01
23/10/2015;15,24
22/10/2015;14,31
21/10/2015;14,79
20/10/2015;16,67
19/10/2015;17,39
18/10/2015;17,68
17/10/2015;16,25
16/10/2015;14,49
15/10/2015;13,83
14/10/2015;14,84
13/10/2015;16,20
12/10/2015;18,76
11/10/2015;18,25
10/10/2015;17,02
09/10/2015;16,57
08/10/2015;16,86
07/10/2015;17,71
06/10/2015;20,51
05/10/2015;21,82
04/10/2015;19,42
03/10/2015;18,79
02/10/2015;18,81
01/10/2015;18,42
30/09/2015;18,41
29/09/2015;18,28
28/09/2015;19,00
27/09/2015;20,04
26/09/2015;20,22
25/09/2015;20,24
24/09/2015;19,61
23/09/2015;19,48
22/09/2015;20,60
21/09/2015;20,82
20/09/2015;20,30
19/09/2015;19,49
18/09/2015;18,31
17/09/2015;19,14
16/09/2015;21,32
15/09/2015;19,44
14/09/2015;20,88
13/09/2015;21,51
12/09/2015;22,31
11/09/2015;21,91
10/09/2015;21,84
09/09/2015;21,16
08/09/2015;20,48
07/09/2015;20,46
06/09/2015;20,51
05/09/2015;19,72
04/09/2015;20,15
03/09/2015;21,50
02/09/2015;22,44
01/09/2015;23,20
31/08/2015;24,06
30/08/2015;26,09
29/08/2015;26,52
28/08/2015;25,31
27/08/2015;25,07
26/08/2015;24,37
25/08/2015;22,74
24/08/2015;22,65
23/08/2015;23,40
22/08/2015;24,44
21/08/2015;25,74
20/08/2015;25,38
19/08/2015;23,63
18/08/2015;23,03
17/08/2015;24,16
16/08/2015;22,67
15/08/2015;22,26
14/08/2015;22,63
13/08/2015;24,97
12/08/2015;26,51
11/08/2015;26,39
10/08/2015;25,69
09/08/2015;24,33
08/08/2015;25,46
07/08/2015;27,00
06/08/2015;26,88
05/08/2015;26,63
04/08/2015;26,47
03/08/2015;26,79
02/08/2015;25,85
01/08/2015;23,39
31/07/2015;23,77
30/07/2015;25,24
29/07/2015;26,85
28/07/2015;27,07
27/07/2015;27,07
26/07/2015;26,39
25/07/2015;25,50
24/07/2015;26,96
23/07/2015;27,02
22/07/2015;27,09
21/07/2015;28,02
20/07/2015;27,97
19/07/2015;27,06
18/07/2015;26,91
17/07/2015;27,77
16/07/2015;27,80
15/07/2015;27,62
14/07/2015;27,31
13/07/2015;26,77
12/07/2015;26,39
11/07/2015;25,92
10/07/2015;26,22
09/07/2015;26,23
08/07/2015;26,72
07/07/2015;28,52
06/07/2015;28,20
05/07/2015;27,48
04/07/2015;27,42
03/07/2015;26,93
02/07/2015;25,70
01/07/2015;26,42
30/06/2015;27,25
29/06/2015;27,49
28/06/2015;26,96
27/06/2015;26,26
26/06/2015;25,18
25/06/2015;23,80
24/06/2015;22,60
23/06/2015;23,35
22/06/2015;24,27
21/06/2015;24,14
20/06/2015;23,45
19/06/2015;22,80
18/06/2015;21,73
17/06/2015;20,42
16/06/2015;19,04
15/06/2015;18,12
14/06/2015;18,77
13/06/2015;19,07
12/06/2015;19,75
11/06/2015;19,93
10/06/2015;20,88
09/06/2015;22,44
08/06/2015;24,02
07/06/2015;23,89
06/06/2015;23,06
05/06/2015;22,93
04/06/2015;23,75
03/06/2015;23,34
02/06/2015;22,47
01/06/2015;21,35
31/05/2015;20,73
30/05/2015;19,86
29/05/2015;20,12
28/05/2015;20,44
27/05/2015;19,60
26/05/2015;18,99
25/05/2015;18,78
24/05/2015;17,62
23/05/2015;16,78
22/05/2015;15,87
21/05/2015;15,74
20/05/2015;15,28
19/05/2015;17,26
18/05/2015;19,87
17/05/2015;19,51
16/05/2015;18,48
15/05/2015;17,78
14/05/2015;22,67
13/05/2015;22,58
12/05/2015;21,41
11/05/2015;20,80
10/05/2015;20,85
09/05/2015;19,70
08/05/2015;19,38
07/05/2015;18,14
06/05/2015;16,78
05/05/2015;18,18
04/05/2015;19,89
03/05/2015;20,04
02/05/2015;20,34
01/05/2015;18,56
30/04/2015;16,94
29/04/2015;15,79
28/04/2015;14,62
27/04/2015;14,95
26/04/2015;15,28
25/04/2015;16,76
24/04/2015;15,85
23/04/2015;15,91
22/04/2015;15,95
21/04/2015;16,07
20/04/2015;14,27
19/04/2015;14,00
18/04/2015;14,49
17/04/2015;15,57
16/04/2015;15,02
15/04/2015;15,51
14/04/2015;17,02
13/04/2015;16,30
12/04/2015;15,01
11/04/2015;13,55
10/04/2015;12,98
09/04/2015;11,53
08/04/2015;12,50
07/04/2015;12,80
06/04/2015;13,41
05/04/2015;13,83
04/04/2015;14,15
03/04/2015;14,15
02/04/2015;14,04
01/04/2015;15,03
31/03/2015;16,80
30/03/2015;16,84
29/03/2015;15,57
28/03/2015;15,39
27/03/2015;14,31
26/03/2015;10,51
25/03/2015;8,83
24/03/2015;10,21
23/03/2015;9,68
22/03/2015;10,72
21/03/2015;10,67
20/03/2015;11,36
19/03/2015;11,47
18/03/2015;9,95
17/03/2015;9,63
16/03/2015;7,99
15/03/2015;7,93
14/03/2015;8,95
13/03/2015;11,49
12/03/2015;12,58
11/03/2015;12,23
10/03/2015;11,90
09/03/2015;11,57
08/03/2015;11,14
07/03/2015;10,64
06/03/2015;9,66
05/03/2015;9,35
04/03/2015;10,64
03/03/2015;12,52
02/03/2015;14,27
01/03/2015;13,84
28/02/2015;10,17
27/02/2015;10,56
26/02/2015;11,91
25/02/2015;10,32
24/02/2015;9,27
23/02/2015;11,00
22/02/2015;9,28
21/02/2015;9,11
20/02/2015;7,90
19/02/2015;7,72
18/02/2015;8,68
17/02/2015;9,36
16/02/2015;10,14
15/02/2015;11,33
14/02/2015;10,37
13/02/2015;8,92
12/02/2015;8,16
11/02/2015;7,27
10/02/2015;6,72
09/02/2015;6,10
08/02/2015;4,74
07/02/2015;3,57
06/02/2015;3,47
05/02/2015;4,63
04/02/2015;4,69
03/02/2015;7,77
02/02/2015;6,80
01/02/2015;6,59
31/01/2015;9,59
30/01/2015;13,06
29/01/2015;9,79
28/01/2015;8,10
27/01/2015;8,37
26/01/2015;7,04
25/01/2015;8,77
24/01/2015;6,67
23/01/2015;6,35
22/01/2015;6,07
21/01/2015;5,31
20/01/2015;4,76
19/01/2015;6,06
18/01/2015;5,36
17/01/2015;5,83
16/01/2015;8,54
15/01/2015;9,32
14/01/2015;8,32
13/01/2015;8,62
12/01/2015;7,79
11/01/2015;8,43
10/01/2015;7,96
09/01/2015;7,26
08/01/2015;6,34
07/01/2015;6,08
06/01/2015;6,18
05/01/2015;6,86
04/01/2015;8,27
03/01/2015;7,04
02/01/2015;5,63
01/01/2015;5,34
31/12/2014;4,64
30/12/2014;3,81
29/12/2014;5,45
28/12/2014;9,00
27/12/2014;8,09
26/12/2014;7,39
25/12/2014;6,99
24/12/2014;6,47
23/12/2014;6,78
22/12/2014;7,48
21/12/2014;8,78
20/12/2014;9,01
19/12/2014;8,83
18/12/2014;9,96
17/12/2014;9,71
16/12/2014;9,55
15/12/2014;9,46
14/12/2014;9,80
13/12/2014;9,87
12/12/2014;7,67
11/12/2014;8,29
10/12/2014;7,88
09/12/2014;8,63
08/12/2014;8,09
07/12/2014;7,77
06/12/2014;7,85
05/12/2014;8,46
04/12/2014;8,80
03/12/2014;9,51
02/12/2014;11,67
01/12/2014;13,10
30/11/2014;13,24
29/11/2014;12,51
28/11/2014;13,15
27/11/2014;11,92
26/11/2014;12,80
25/11/2014;14,09
24/11/2014;15,28
23/11/2014;15,83
22/11/2014;15,14
21/11/2014;14,39
20/11/2014;13,95
19/11/2014;11,81
18/11/2014;9,73
17/11/2014;11,84
16/11/2014;12,19
15/11/2014;12,65
14/11/2014;14,30
13/11/2014;14,61
12/11/2014;13,40
11/11/2014;11,27
10/11/2014;10,03
09/11/2014;11,16
08/11/2014;13,02
07/11/2014;14,28
06/11/2014;11,69
05/11/2014;10,95
04/11/2014;12,74
03/11/2014;15,41
02/11/2014;15,70
01/11/2014;16,24
31/10/2014;17,48
30/10/2014;17,56
29/10/2014;17,54
28/10/2014;17,20
27/10/2014;17,38
26/10/2014;17,89
25/10/2014;18,53
24/10/2014;18,75
23/10/2014;17,42
22/10/2014;19,15
21/10/2014;19,90
20/10/2014;19,81
19/10/2014;19,96
18/10/2014;19,69
17/10/2014;19,98
16/10/2014;19,66
15/10/2014;16,64
14/10/2014;15,73
13/10/2014;16,52
12/10/2014;17,93
11/10/2014;18,54
10/10/2014;18,56
09/10/2014;19,61
08/10/2014;19,79
07/10/2014;19,67
06/10/2014;18,74
05/10/2014;18,98
04/10/2014;19,73
03/10/2014;20,28
02/10/2014;20,79
01/10/2014;20,41
30/09/2014;19,86
29/09/2014;19,71
28/09/2014;19,59
27/09/2014;19,31
26/09/2014;18,60
25/09/2014;18,24
24/09/2014;18,54
23/09/2014;19,30
22/09/2014;20,06
21/09/2014;22,04
20/09/2014;21,75
19/09/2014;21,33
18/09/2014;21,71
17/09/2014;22,14
16/09/2014;22,22
15/09/2014;21,87
14/09/2014;22,73
13/09/2014;23,42
12/09/2014;23,89
11/09/2014;24,18
10/09/2014;23,97
09/09/2014;23,78
08/09/2014;23,33
07/09/2014;23,69
06/09/2014;24,12
05/09/2014;24,40
04/09/2014;24,50
03/09/2014;25,05
02/09/2014;25,68
01/09/2014;25,56
31/08/2014;24,77
30/08/2014;24,29
29/08/2014;24,90
28/08/2014;25,37
27/08/2014;26,20
26/08/2014;25,81
25/08/2014;25,07
24/08/2014;23,59
23/08/2014;22,30
22/08/2014;22,24
21/08/2014;22,73
20/08/2014;23,28
19/08/2014;23,39
18/08/2014;24,00
17/08/2014;23,29
16/08/2014;22,43
15/08/2014;23,16
14/08/2014;22,55
13/08/2014;24,19
12/08/2014;24,76
11/08/2014;25,00
10/08/2014;25,56
09/08/2014;25,46
08/08/2014;26,02
07/08/2014;25,89
06/08/2014;25,23
05/08/2014;24,77
04/08/2014;23,92
03/08/2014;23,28
02/08/2014;23,39
01/08/2014;23,85
31/07/2014;24,55
30/07/2014;23,22
29/07/2014;22,81
28/07/2014;24,97
27/07/2014;25,75
26/07/2014;25,31
25/07/2014;25,16
24/07/2014;25,41
23/07/2014;25,51
22/07/2014;24,48
21/07/2014;23,15
20/07/2014;23,24
19/07/2014;23,30
18/07/2014;25,75
17/07/2014;26,81
16/07/2014;26,26
15/07/2014;25,44
14/07/2014;24,49
13/07/2014;23,24
12/07/2014;22,05
11/07/2014;21,73
10/07/2014;21,30
09/07/2014;21,79
08/07/2014;21,65
07/07/2014;21,29
06/07/2014;22,43
05/07/2014;23,67
04/07/2014;22,06
03/07/2014;20,56
02/07/2014;21,11
01/07/2014;22,16
30/06/2014;21,71
29/06/2014;21,95
28/06/2014;23,06
27/06/2014;22,48
26/06/2014;21,97
25/06/2014;20,83
24/06/2014;19,77
23/06/2014;22,17
22/06/2014;22,25
21/06/2014;22,82
20/06/2014;22,86
19/06/2014;22,26
18/06/2014;21,61
17/06/2014;21,10
16/06/2014;20,59
15/06/2014;22,19
14/06/2014;24,47
13/06/2014;24,78
12/06/2014;24,13
11/06/2014;22,36
10/06/2014;21,35
09/06/2014;22,02
08/06/2014;21,72
07/06/2014;21,56
06/06/2014;21,47
05/06/2014;20,22
04/06/2014;20,17
03/06/2014;19,98
02/06/2014;18,95
01/06/2014;18,05
31/05/2014;16,99
30/05/2014;18,05
29/05/2014;17,43
28/05/2014;17,10
27/05/2014;17,01
26/05/2014;16,19
25/05/2014;16,34
24/05/2014;15,90
23/05/2014;15,93
22/05/2014;15,44
21/05/2014;16,34
20/05/2014;16,40
19/05/2014;17,51
18/05/2014;17,76
17/05/2014;17,61
16/05/2014;18,03
15/05/2014;18,12
14/05/2014;16,93
13/05/2014;16,97
12/05/2014;18,95
11/05/2014;20,01
10/05/2014;20,60
09/05/2014;19,97
08/05/2014;19,27
07/05/2014;18,77
06/05/2014;18,61
05/05/2014;17,74
04/05/2014;16,41
03/05/2014;16,51
02/05/2014;16,93
01/05/2014;17,69
30/04/2014;17,63
29/04/2014;17,09
28/04/2014;16,91
27/04/2014;15,95
26/04/2014;15,45
25/04/2014;14,13
24/04/2014;14,59
23/04/2014;15,51
22/04/2014;14,88
21/04/2014;13,56
20/04/2014;14,53
19/04/2014;16,43
18/04/2014;17,14
17/04/2014;17,34
16/04/2014;17,35
15/04/2014;17,52
14/04/2014;16,91
13/04/2014;16,47
12/04/2014;15,87
11/04/2014;17,20
10/04/2014;17,31
09/04/2014;16,48
08/04/2014;16,23
07/04/2014;16,40
06/04/2014;16,60
05/04/2014;15,77
04/04/2014;13,64
03/04/2014;12,16
02/04/2014;13,22
01/04/2014;14,43
31/03/2014;13,01
30/03/2014;12,10
29/03/2014;11,38
28/03/2014;10,52
27/03/2014;9,23
26/03/2014;9,62
25/03/2014;11,16
24/03/2014;10,27
23/03/2014;10,12
22/03/2014;12,93
21/03/2014;13,46
20/03/2014;13,47
19/03/2014;13,66
18/03/2014;13,66
17/03/2014;13,98
16/03/2014;13,45
15/03/2014;11,81
14/03/2014;10,45
13/03/2014;10,56
12/03/2014;11,21
11/03/2014;11,54
10/03/2014;11,40
09/03/2014;12,10
08/03/2014;12,00
07/03/2014;11,28
06/03/2014;11,79
05/03/2014;12,23
04/03/2014;10,67
03/03/2014;11,27
02/03/2014;13,25
01/03/2014;10,98
28/02/2014;10,82
27/02/2014;8,99
26/02/2014;9,48
25/02/2014;9,81
24/02/2014;9,64
23/02/2014;9,09
22/02/2014;8,48
21/02/2014;10,28
20/02/2014;9,94
19/02/2014;9,61
18/02/2014;9,35
17/02/2014;7,92
16/02/2014;8,82
15/02/2014;11,21
14/02/2014;14,25
13/02/2014;13,61
12/02/2014;8,85
11/02/2014;7,15
10/02/2014;8,55
09/02/2014;8,67
08/02/2014;11,10
07/02/2014;10,62
06/02/2014;12,29
05/02/2014;11,34
04/02/2014;8,23
03/02/2014;6,01
02/02/2014;6,84
01/02/2014;9,63
31/01/2014;9,82
30/01/2014;7,87
29/01/2014;8,26
28/01/2014;8,68
27/01/2014;11,10
26/01/2014;12,27
25/01/2014;12,38
24/01/2014;9,90
23/01/2014;8,89
22/01/2014;8,92
21/01/2014;7,84
20/01/2014;7,89
19/01/2014;7,63
18/01/2014;8,83
17/01/2014;8,76
16/01/2014;10,30
15/01/2014;10,42
14/01/2014;10,12
13/01/2014;9,81
12/01/2014;9,60
11/01/2014;9,68
10/01/2014;9,11
09/01/2014;8,94
08/01/2014;10,16
07/01/2014;10,87
06/01/2014;11,25
05/01/2014;10,05
04/01/2014;11,24
03/01/2014;13,44
02/01/2014;12,51
01/01/2014;10,31
31/12/2013;7,57
30/12/2013;5,77
29/12/2013;6,64
28/12/2013;10,34
27/12/2013;11,93
26/12/2013;9,42
25/12/2013;10,33
24/12/2013;10,30
23/12/2013;7,80
22/12/2013;7,06
21/12/2013;6,25
20/12/2013;8,25
19/12/2013;10,08
18/12/2013;9,34
17/12/2013;8,81
16/12/2013;8,56
15/12/2013;7,96
14/12/2013;8,54
13/12/2013;7,62
12/12/2013;7,55
11/12/2013;7,91
10/12/2013;6,56
09/12/2013;5,89
08/12/2013;5,34
07/12/2013;6,24
06/12/2013;7,40
05/12/2013;8,13
04/12/2013;8,10
03/12/2013;7,75
02/12/2013;6,06
01/12/2013;7,52
30/11/2013;6,21
29/11/2013;5,48
28/11/2013;6,13
27/11/2013;6,64
26/11/2013;6,62
25/11/2013;7,93
24/11/2013;7,88
23/11/2013;7,63
22/11/2013;8,48
21/11/2013;8,19
20/11/2013;8,16
19/11/2013;10,86
18/11/2013;9,98
17/11/2013;9,07
16/11/2013;7,76
15/11/2013;10,58
14/11/2013;13,65
13/11/2013;14,89
12/11/2013;15,10
11/11/2013;15,22
10/11/2013;14,66
09/11/2013;13,76
08/11/2013;15,16
07/11/2013;15,75
06/11/2013;17,64
05/11/2013;18,84
04/11/2013;15,12
03/11/2013;15,12
02/11/2013;15,36
01/11/2013;13,49
31/10/2013;12,14
30/10/2013;12,58
29/10/2013;14,37
28/10/2013;17,42
27/10/2013;17,98
26/10/2013;18,64
25/10/2013;18,66
24/10/2013;18,38
23/10/2013;18,72
22/10/2013;18,11
21/10/2013;18,03
20/10/2013;18,90
19/10/2013;19,42
18/10/2013;19,33
17/10/2013;19,26
16/10/2013;19,65
15/10/2013;18,90
14/10/2013;17,20
13/10/2013;15,96
12/10/2013;15,59
11/10/2013;16,27
10/10/2013;17,88
09/10/2013;18,52
08/10/2013;18,34
07/10/2013;18,51
06/10/2013;19,10
05/10/2013;19,32
04/10/2013;20,87
03/10/2013;22,45
02/10/2013;22,08
01/10/2013;22,69
30/09/2013;21,39
29/09/2013;20,66
28/09/2013;20,95
27/09/2013;22,53
26/09/2013;22,65
25/09/2013;22,41
24/09/2013;22,16
23/09/2013;22,50
22/09/2013;22,10
21/09/2013;22,28
20/09/2013;21,73
19/09/2013;21,64
18/09/2013;21,60
17/09/2013;21,22
16/09/2013;21,25
15/09/2013;21,75
14/09/2013;21,92
13/09/2013;21,66
12/09/2013;20,37
11/09/2013;20,02
10/09/2013;21,82
09/09/2013;21,04
08/09/2013;20,56
07/09/2013;20,67
06/09/2013;22,04
05/09/2013;22,82
04/09/2013;23,39
03/09/2013;23,73
02/09/2013;23,61
01/09/2013;23,30
31/08/2013;22,60
30/08/2013;22,32
29/08/2013;21,59
28/08/2013;22,21
27/08/2013;22,72
26/08/2013;22,65
25/08/2013;23,17
24/08/2013;24,46
23/08/2013;25,26
22/08/2013;25,84
21/08/2013;26,52
20/08/2013;26,18
19/08/2013;26,21
18/08/2013;26,05
17/08/2013;25,26
16/08/2013;25,99
15/08/2013;26,05
14/08/2013;25,64
13/08/2013;25,60
12/08/2013;25,72
11/08/2013;26,30
10/08/2013;25,60
09/08/2013;23,91
08/08/2013;23,17
07/08/2013;24,60
06/08/2013;25,22
05/08/2013;25,72
04/08/2013;25,25
03/08/2013;25,36
02/08/2013;26,66
01/08/2013;26,77
31/07/2013;26,50
30/07/2013;25,06
29/07/2013;23,56
28/07/2013;24,06
27/07/2013;24,11
26/07/2013;25,90
25/07/2013;26,46
24/07/2013;26,20
23/07/2013;25,67
22/07/2013;25,24
21/07/2013;24,79
20/07/2013;25,94
19/07/2013;25,87
18/07/2013;25,36
17/07/2013;25,52
16/07/2013;25,60
15/07/2013;25,13
14/07/2013;24,76
13/07/2013;25,28
12/07/2013;25,88
11/07/2013;25,71
10/07/2013;25,78
09/07/2013;26,44
08/07/2013;26,84
07/07/2013;26,59
06/07/2013;26,34
05/07/2013;25,85
04/07/2013;25,26
03/07/2013;24,19
02/07/2013;23,50
01/07/2013;23,38
30/06/2013;23,46
29/06/2013;22,43
28/06/2013;21,65
27/06/2013;21,73
26/06/2013;21,70
25/06/2013;21,79
24/06/2013;20,74
23/06/2013;21,66
22/06/2013;21,20
21/06/2013;20,06
20/06/2013;19,20
19/06/2013;17,66
18/06/2013;18,12
17/06/2013;21,16
16/06/2013;23,92
15/06/2013;23,29
14/06/2013;23,49
13/06/2013;23,24
12/06/2013;23,01
11/06/2013;21,41
10/06/2013;19,00
09/06/2013;17,18
08/06/2013;16,51
07/06/2013;17,79
06/06/2013;19,41
05/06/2013;19,89
04/06/2013;19,43
03/06/2013;18,23
02/06/2013;17,66
01/06/2013;17,37
31/05/2013;16,03
30/05/2013;15,08
29/05/2013;14,71
28/05/2013;15,37
27/05/2013;15,49
26/05/2013;15,27
25/05/2013;15,54
24/05/2013;15,73
23/05/2013;16,37
22/05/2013;16,28
21/05/2013;13,04
20/05/2013;12,43
19/05/2013;12,61
18/05/2013;12,17
17/05/2013;12,06
16/05/2013;12,33
15/05/2013;13,96
14/05/2013;16,80
13/05/2013;17,46
12/05/2013;16,77
11/05/2013;17,08
10/05/2013;17,97
09/05/2013;18,45
08/05/2013;19,58
07/05/2013;19,54
06/05/2013;16,72
05/05/2013;15,85
04/05/2013;14,80
03/05/2013;13,64
02/05/2013;12,91
01/05/2013;11,86
30/04/2013;10,49
29/04/2013;9,55
28/04/2013;8,53
27/04/2013;11,52
26/04/2013;15,34
25/04/2013;15,34
24/04/2013;15,11
23/04/2013;14,36
22/04/2013;13,80
21/04/2013;13,50
20/04/2013;13,32
19/04/2013;14,75
18/04/2013;16,73
17/04/2013;17,93
16/04/2013;16,90
15/04/2013;16,59
14/04/2013;16,81
13/04/2013;14,77
12/04/2013;14,67
11/04/2013;15,51
10/04/2013;15,15
09/04/2013;13,40
08/04/2013;12,72
07/04/2013;9,53
06/04/2013;8,28
05/04/2013;9,28
04/04/2013;11,34
03/04/2013;10,89
02/04/2013;12,36
01/04/2013;13,08
31/03/2013;13,51
30/03/2013;15,01
29/03/2013;14,63
28/03/2013;14,10
27/03/2013;13,66
26/03/2013;13,47
25/03/2013;11,91
24/03/2013;11,50
23/03/2013;11,22
22/03/2013;11,57
21/03/2013;11,37
20/03/2013;10,80
19/03/2013;9,42
18/03/2013;10,91
17/03/2013;10,47
16/03/2013;9,45
15/03/2013;8,37
14/03/2013;7,30
13/03/2013;6,66
12/03/2013;10,14
11/03/2013;11,47
10/03/2013;11,88
09/03/2013;12,85
08/03/2013;13,43
07/03/2013;14,08
06/03/2013;13,45
05/03/2013;12,58
04/03/2013;10,98
03/03/2013;9,67
02/03/2013;7,95
01/03/2013;8,02
28/02/2013;6,27
27/02/2013;5,72
26/02/2013;5,25
25/02/2013;5,23
24/02/2013;5,03
23/02/2013;5,82
22/02/2013;10,08
21/02/2013;10,88
20/02/2013;10,59
19/02/2013;10,53
18/02/2013;10,90
17/02/2013;9,55
16/02/2013;9,15
15/02/2013;9,97
14/02/2013;10,19
13/02/2013;9,71
12/02/2013;7,96
11/02/2013;7,66
10/02/2013;7,61
09/02/2013;7,23
08/02/2013;7,26
07/02/2013;7,39
06/02/2013;8,99
05/02/2013;9,92
04/02/2013;8,38
03/02/2013;7,95
02/02/2013;9,90
01/02/2013;11,46
31/01/2013;10,96
30/01/2013;9,68
29/01/2013;8,38
28/01/2013;9,63
27/01/2013;9,52
26/01/2013;10,62
25/01/2013;8,21
24/01/2013;9,52
23/01/2013;7,25
22/01/2013;6,23
21/01/2013;8,67
20/01/2013;8,79
19/01/2013;11,06
18/01/2013;12,25
17/01/2013;11,10
16/01/2013;9,92
15/01/2013;8,37
14/01/2013;7,66
13/01/2013;7,96
12/01/2013;8,79
11/01/2013;9,08
10/01/2013;9,66
09/01/2013;7,25
08/01/2013;6,81
07/01/2013;6,74
06/01/2013;7,94
05/01/2013;7,78
04/01/2013;7,42
03/01/2013;7,83
02/01/2013;8,11
01/01/2013;8,66
31/12/2012;6,72
30/12/2012;7,69
29/12/2012;7,14
28/12/2012;8,29
27/12/2012;7,60
26/12/2012;9,45
25/12/2012;10,14
24/12/2012;10,28
23/12/2012;11,12
22/12/2012;12,24
21/12/2012;13,21
20/12/2012;12,27
19/12/2012;11,05
18/12/2012;10,21
17/12/2012;12,72
16/12/2012;13,65
15/12/2012;14,21
14/12/2012;11,99
13/12/2012;8,45
12/12/2012;6,02
11/12/2012;6,03
10/12/2012;5,50
09/12/2012;6,19
08/12/2012;9,37
07/12/2012;9,06
06/12/2012;7,34
05/12/2012;9,16
04/12/2012;9,25
03/12/2012;7,73
02/12/2012;5,51
01/12/2012;5,69
30/11/2012;6,65
29/11/2012;8,14
28/11/2012;7,75
27/11/2012;7,93
26/11/2012;12,04
25/11/2012;12,60
24/11/2012;12,68
23/11/2012;11,45
22/11/2012;10,99
21/11/2012;12,30
20/11/2012;11,72
19/11/2012;11,95
18/11/2012;13,22
17/11/2012;13,91
16/11/2012;14,30
15/11/2012;14,61
14/11/2012;13,92
13/11/2012;11,22
12/11/2012;10,94
11/11/2012;10,41
10/11/2012;12,94
09/11/2012;14,09
08/11/2012;13,13
07/11/2012;10,39
06/11/2012;11,06
05/11/2012;12,42
04/11/2012;15,48
03/11/2012;15,01
02/11/2012;14,96
01/11/2012;13,74
31/10/2012;11,75
30/10/2012;9,94
29/10/2012;9,33
28/10/2012;10,00
27/10/2012;14,78
26/10/2012;16,42
25/10/2012;16,60
24/10/2012;16,34
23/10/2012;16,91
22/10/2012;15,84
21/10/2012;15,07
20/10/2012;15,80
19/10/2012;16,19
18/10/2012;17,82
17/10/2012;16,39
16/10/2012;14,97
15/10/2012;14,86
14/10/2012;16,02
13/10/2012;16,78
12/10/2012;17,74
11/10/2012;20,51
10/10/2012;21,29
09/10/2012;21,60
08/10/2012;21,56
07/10/2012;21,36
06/10/2012;19,61
05/10/2012;19,35
04/10/2012;19,00
03/10/2012;18,46
02/10/2012;17,79
01/10/2012;16,94
30/09/2012;16,74
29/09/2012;17,08
28/09/2012;17,13
27/09/2012;16,29
26/09/2012;17,61
25/09/2012;19,13
24/09/2012;21,12
23/09/2012;22,61
22/09/2012;22,84
21/09/2012;22,91
20/09/2012;22,32
19/09/2012;22,19
18/09/2012;22,15
17/09/2012;22,60
16/09/2012;22,49
15/09/2012;22,46
14/09/2012;21,09
13/09/2012;21,44
12/09/2012;23,21
11/09/2012;23,08
10/09/2012;22,85
09/09/2012;23,07
08/09/2012;23,92
07/09/2012;24,24
06/09/2012;23,98
05/09/2012;22,93
04/09/2012;21,95
03/09/2012;21,40
02/09/2012;20,43
01/09/2012;20,47
31/08/2012;21,30
30/08/2012;23,56
29/08/2012;24,88
28/08/2012;24,92
27/08/2012;24,67
26/08/2012;24,10
25/08/2012;25,41
24/08/2012;25,46
23/08/2012;26,26
22/08/2012;27,24
21/08/2012;28,10
20/08/2012;28,35
19/08/2012;28,36
18/08/2012;27,60
17/08/2012;27,20
16/08/2012;25,33
15/08/2012;24,90
14/08/2012;25,28
13/08/2012;25,07
12/08/2012;25,88
11/08/2012;27,97
10/08/2012;28,50
09/08/2012;27,61
08/08/2012;26,14
07/08/2012;24,31
06/08/2012;22,85
05/08/2012;23,45
04/08/2012;24,94
03/08/2012;25,35
02/08/2012;25,45
01/08/2012;25,87
31/07/2012;26,01
30/07/2012;25,33
29/07/2012;24,21
28/07/2012;23,83
27/07/2012;24,02
26/07/2012;25,48
25/07/2012;25,63
24/07/2012;24,83
23/07/2012;24,58
22/07/2012;24,70
21/07/2012;24,84
20/07/2012;24,92
19/07/2012;26,01
18/07/2012;26,74
17/07/2012;26,08
16/07/2012;24,13
15/07/2012;23,19
14/07/2012;24,34
13/07/2012;25,41
12/07/2012;23,54
11/07/2012;23,04
10/07/2012;23,38
09/07/2012;23,40
08/07/2012;23,43
07/07/2012;23,49
06/07/2012;22,66
05/07/2012;22,78
04/07/2012;23,78
03/07/2012;23,68
02/07/2012;21,48
01/07/2012;21,02
30/06/2012;22,60
29/06/2012;25,03
28/06/2012;26,88
27/06/2012;27,88
26/06/2012;27,30
25/06/2012;26,25
24/06/2012;25,24
23/06/2012;23,55
22/06/2012;22,90
21/06/2012;23,73
20/06/2012;22,33
19/06/2012;21,62
18/06/2012;22,52
17/06/2012;23,19
16/06/2012;22,89
15/06/2012;23,08
14/06/2012;21,92
13/06/2012;19,88
12/06/2012;19,62
11/06/2012;21,58
10/06/2012;23,07
09/06/2012;20,36
08/06/2012;20,76
07/06/2012;22,97
06/06/2012;23,24
05/06/2012;22,74
04/06/2012;21,78
03/06/2012;21,88
02/06/2012;22,93
01/06/2012;24,41
31/05/2012;23,66
30/05/2012;22,24
29/05/2012;21,58
28/05/2012;21,26
27/05/2012;19,85
26/05/2012;20,07
25/05/2012;21,59
24/05/2012;21,07
23/05/2012;19,79
22/05/2012;17,76
21/05/2012;14,66
20/05/2012;14,18
19/05/2012;16,80
18/05/2012;19,52
17/05/2012;19,98
16/05/2012;19,06
15/05/2012;19,36
14/05/2012;20,90
13/05/2012;21,55
12/05/2012;21,78
11/05/2012;22,01
10/05/2012;22,12
09/05/2012;20,36
08/05/2012;18,55
07/05/2012;15,94
06/05/2012;14,89
05/05/2012;14,39
04/05/2012;14,50
03/05/2012;14,31
02/05/2012;13,99
01/05/2012;12,30
30/04/2012;11,70
29/04/2012;11,40
28/04/2012;12,47
27/04/2012;14,84
26/04/2012;14,96
25/04/2012;14,52
24/04/2012;13,90
23/04/2012;14,12
22/04/2012;14,40
21/04/2012;15,05
20/04/2012;14,24
19/04/2012;13,13
18/04/2012;12,64
17/04/2012;12,02
16/04/2012;10,65
15/04/2012;10,38
14/04/2012;11,41
13/04/2012;11,83
12/04/2012;12,62
11/04/2012;13,48
10/04/2012;14,17
09/04/2012;14,03
08/04/2012;12,27
07/04/2012;10,40
06/04/2012;9,98
05/04/2012;11,11
04/04/2012;12,00
03/04/2012;12,93
02/04/2012;13,69
01/04/2012;14,56
31/03/2012;14,24
30/03/2012;14,44
29/03/2012;14,04
28/03/2012;14,35
27/03/2012;14,33
26/03/2012;14,14
25/03/2012;14,00
24/03/2012;13,69
23/03/2012;12,29
22/03/2012;10,26
21/03/2012;8,55
20/03/2012;9,06
19/03/2012;9,78
18/03/2012;11,63
17/03/2012;12,07
16/03/2012;12,31
15/03/2012;12,90
14/03/2012;13,10
13/03/2012;12,56
12/03/2012;12,13
11/03/2012;11,23
10/03/2012;10,45
09/03/2012;10,83
08/03/2012;10,51
07/03/2012;9,20
06/03/2012;9,05
05/03/2012;10,23
04/03/2012;12,10
03/03/2012;11,61
02/03/2012;10,37
01/03/2012;10,93
29/02/2012;10,98
28/02/2012;10,27
27/02/2012;11,07
26/02/2012;12,17
25/02/2012;9,68
24/02/2012;9,38
23/02/2012;8,14
22/02/2012;6,69
21/02/2012;5,78
20/02/2012;7,12
19/02/2012;7,52
18/02/2012;6,95
17/02/2012;7,21
16/02/2012;7,31
15/02/2012;6,67
14/02/2012;6,13
13/02/2012;3,71
12/02/2012;2,28
11/02/2012;3,54
10/02/2012;4,30
09/02/2012;3,42
08/02/2012;3,39
07/02/2012;7,37
06/02/2012;8,47
05/02/2012;5,24
04/02/2012;2,51
03/02/2012;2,13
02/02/2012;4,07
01/02/2012;6,89
31/01/2012;6,54
30/01/2012;5,77
29/01/2012;6,74
28/01/2012;7,46
27/01/2012;7,80
26/01/2012;6,71
25/01/2012;7,06
24/01/2012;8,42
23/01/2012;8,75
22/01/2012;8,90
21/01/2012;9,46
20/01/2012;9,00
19/01/2012;8,28
18/01/2012;7,10
17/01/2012;8,08
16/01/2012;6,61
15/01/2012;5,64
14/01/2012;5,84
13/01/2012;6,56
12/01/2012;6,55
11/01/2012;6,33
10/01/2012;6,68
09/01/2012;7,20
08/01/2012;7,81
07/01/2012;9,20
06/01/2012;11,26
05/01/2012;9,45
04/01/2012;8,50
03/01/2012;8,47
02/01/2012;10,84
01/01/2012;9,60
31/12/2011;9,51
30/12/2011;7,02
29/12/2011;7,67
28/12/2011;6,94
27/12/2011;6,73
26/12/2011;6,42
25/12/2011;6,98
24/12/2011;8,59
23/12/2011;8,00
22/12/2011;10,23
21/12/2011;10,26
20/12/2011;7,59
19/12/2011;6,13
18/12/2011;6,71
17/12/2011;8,95
16/12/2011;11,78
15/12/2011;11,17
14/12/2011;12,61
13/12/2011;11,44
12/12/2011;9,71
11/12/2011;8,77
10/12/2011;8,50
09/12/2011;8,20
08/12/2011;8,92
07/12/2011;9,57
06/12/2011;11,11
05/12/2011;10,57
04/12/2011;9,81
03/12/2011;9,56
02/12/2011;10,18
01/12/2011;10,28
30/11/2011;9,73
29/11/2011;9,72
28/11/2011;9,17
27/11/2011;9,20
26/11/2011;10,27
25/11/2011;11,18
24/11/2011;11,85
23/11/2011;13,33
22/11/2011;12,57
21/11/2011;13,57
20/11/2011;13,81
19/11/2011;13,17
18/11/2011;12,60
17/11/2011;11,95
16/11/2011;12,27
15/11/2011;12,72
14/11/2011;15,11
13/11/2011;16,64
12/11/2011;16,19
11/11/2011;15,07
10/11/2011;14,34
09/11/2011;13,12
08/11/2011;13,06
07/11/2011;13,19
06/11/2011;12,70
05/11/2011;12,59
04/11/2011;13,31
03/11/2011;15,94
02/11/2011;17,00
01/11/2011;16,58
31/10/2011;16,03
30/10/2011;15,86
29/10/2011;15,30
28/10/2011;15,07
27/10/2011;15,29
26/10/2011;14,15
25/10/2011;14,08
24/10/2011;15,89
23/10/2011;16,73
22/10/2011;15,99
21/10/2011;14,18
20/10/2011;15,48
19/10/2011;16,75
18/10/2011;17,02
17/10/2011;17,39
16/10/2011;18,16
15/10/2011;18,65
14/10/2011;19,39
13/10/2011;20,45
12/10/2011;20,55
11/10/2011;20,15
10/10/2011;19,32
09/10/2011;17,84
08/10/2011;17,77
07/10/2011;19,03
06/10/2011;20,59
05/10/2011;20,85
04/10/2011;20,67
03/10/2011;20,68
02/10/2011;21,22
01/10/2011;21,60
30/09/2011;21,73
29/09/2011;21,91
28/09/2011;21,48
27/09/2011;21,74
26/09/2011;21,12
25/09/2011;20,65
24/09/2011;20,44
23/09/2011;21,07
22/09/2011;21,48
21/09/2011;21,18
20/09/2011;20,47
19/09/2011;18,99
18/09/2011;21,10
17/09/2011;22,85
16/09/2011;23,67
15/09/2011;24,53
14/09/2011;24,33
13/09/2011;23,85
12/09/2011;23,80
11/09/2011;23,22
10/09/2011;24,06
09/09/2011;24,70
08/09/2011;24,20
07/09/2011;23,57
06/09/2011;22,60
05/09/2011;21,91
04/09/2011;21,65
03/09/2011;20,73
02/09/2011;22,00
01/09/2011;23,31
31/08/2011;23,30
30/08/2011;23,48
29/08/2011;23,55
28/08/2011;23,02
27/08/2011;21,44
26/08/2011;23,48
25/08/2011;24,43
24/08/2011;24,41
23/08/2011;24,40
22/08/2011;24,87
21/08/2011;26,68
20/08/2011;28,18
19/08/2011;26,85
18/08/2011;25,55
17/08/2011;25,94
16/08/2011;26,18
15/08/2011;25,81
14/08/2011;25,77
13/08/2011;24,55
12/08/2011;24,93
11/08/2011;25,27
10/08/2011;24,18
09/08/2011;23,48
08/08/2011;24,44
07/08/2011;25,27
06/08/2011;25,71
05/08/2011;25,18
04/08/2011;25,43
03/08/2011;24,29
02/08/2011;23,78
01/08/2011;24,86
31/07/2011;24,47
30/07/2011;24,66
29/07/2011;24,86
28/07/2011;24,29
27/07/2011;23,75
26/07/2011;24,41
25/07/2011;23,39
24/07/2011;21,94
23/07/2011;21,98
22/07/2011;22,00
21/07/2011;23,29
20/07/2011;22,39
19/07/2011;22,55
18/07/2011;22,10
17/07/2011;23,74
16/07/2011;24,92
15/07/2011;23,60
14/07/2011;21,87
13/07/2011;21,86
12/07/2011;23,76
11/07/2011;24,75
10/07/2011;24,55
09/07/2011;24,16
08/07/2011;23,13
07/07/2011;23,39
06/07/2011;24,58
05/07/2011;24,55
04/07/2011;23,57
03/07/2011;24,23
02/07/2011;25,53
01/07/2011;24,30
30/06/2011;23,35
29/06/2011;23,81
28/06/2011;24,99
27/06/2011;26,60
26/06/2011;26,96
25/06/2011;25,14
24/06/2011;22,95
23/06/2011;22,78
22/06/2011;23,87
21/06/2011;24,73
20/06/2011;23,94
19/06/2011;22,09
18/06/2011;22,17
17/06/2011;22,61
16/06/2011;22,68
15/06/2011;23,28
14/06/2011;22,81
13/06/2011;22,70
12/06/2011;21,61
11/06/2011;19,56
10/06/2011;18,60
09/06/2011;18,27
08/06/2011;17,45
07/06/2011;17,07
06/06/2011;17,83
05/06/2011;19,03
04/06/2011;18,62
03/06/2011;17,96
02/06/2011;17,17
01/06/2011;17,21
31/05/2011;18,71
30/05/2011;19,21
29/05/2011;20,64
28/05/2011;19,99
27/05/2011;19,26
26/05/2011;20,99
25/05/2011;22,78
24/05/2011;22,00
23/05/2011;20,70
22/05/2011;19,89
21/05/2011;19,44
20/05/2011;18,21
19/05/2011;17,29
18/05/2011;18,20
17/05/2011;18,21
16/05/2011;17,47
15/05/2011;16,76
14/05/2011;18,34
13/05/2011;19,74
12/05/2011;18,89
11/05/2011;18,83
10/05/2011;18,88
09/05/2011;18,05
08/05/2011;16,79
07/05/2011;16,59
06/05/2011;18,32
05/05/2011;17,28
04/05/2011;17,08
03/05/2011;16,73
02/05/2011;15,79
01/05/2011;15,60
30/04/2011;14,89
29/04/2011;15,27
28/04/2011;16,66
27/04/2011;16,48
26/04/2011;16,24
25/04/2011;15,50
24/04/2011;14,78
23/04/2011;13,92
22/04/2011;13,54
21/04/2011;15,00
20/04/2011;15,82
19/04/2011;15,46
18/04/2011;15,50
17/04/2011;15,36
16/04/2011;15,16
15/04/2011;15,22
14/04/2011;16,06
13/04/2011;16,17
12/04/2011;16,11
11/04/2011;16,49
10/04/2011;17,56
09/04/2011;18,50
08/04/2011;18,45
07/04/2011;18,00
06/04/2011;18,08
05/04/2011;16,31
04/04/2011;15,11
03/04/2011;14,45
02/04/2011;16,05
01/04/2011;17,17
31/03/2011;15,38
30/03/2011;14,51
29/03/2011;13,88
28/03/2011;13,24
27/03/2011;12,81
26/03/2011;13,56
25/03/2011;13,15
24/03/2011;12,45
23/03/2011;11,30
22/03/2011;11,10
21/03/2011;11,43
20/03/2011;12,07
19/03/2011;12,39
18/03/2011;12,25
17/03/2011;12,49
16/03/2011;11,02
15/03/2011;11,46
14/03/2011;11,75
13/03/2011;11,24
12/03/2011;11,36
11/03/2011;9,79
10/03/2011;10,48
09/03/2011;10,51
08/03/2011;10,98
07/03/2011;10,23
06/03/2011;8,77
05/03/2011;8,76
04/03/2011;6,54
03/03/2011;6,30
02/03/2011;7,53
01/03/2011;7,15
28/02/2011;8,00
27/02/2011;10,65
26/02/2011;12,43
25/02/2011;12,14
24/02/2011;11,86
23/02/2011;12,68
22/02/2011;13,61
21/02/2011;11,70
20/02/2011;11,07
19/02/2011;10,29
18/02/2011;9,51
17/02/2011;8,47
16/02/2011;8,30
15/02/2011;8,66
14/02/2011;8,60
13/02/2011;8,70
12/02/2011;8,51
11/02/2011;8,86