date;NatGas;ThermalCoal;Carbon
2015-03-17;21,35;59,15;6,54
2015-03-18;21,3;58,25;6,78
2015-03-19;21,5;58,88;6,79
2015-03-20;21;57,6;6,72
2015-03-21;21;57,7;7,09
2015-03-24;21,3;58;7,09
2015-03-25;21,7;57,8;7,08
2015-03-26;21,35;58,2;7,01
2015-03-27;22,2;59;6,99
2015-03-28;21,95;59,4;6,81
2015-03-31;22;59,25;6,93
2015-04-01;22,4;58,8;6,97
2015-04-02;23,2;57,6;7,19
2015-04-03;22,9;57,65;7,19
2015-04-04;22,45;58,01;7,19
2015-04-07;22,85;58,01;7,19
2015-04-08;22,7;56,9;7,15
2015-04-09;22,17;56,58;7,16
2015-04-10;22,35;57,5;7,05
2015-04-11;23,1;57,88;6,98
2015-04-14;22,35;59,25;6,84
2015-04-15;22,1;59,5;6,84
2015-04-16;22,25;59,5;6,89
2015-04-17;22,17;60,15;6,91
2015-04-18;21,43;59,9;6,88
2015-04-21;21,8;59,6;7,17
2015-04-22;21,75;59,1;7,12
2015-04-23;21,45;58,6;7,12
2015-04-24;21,6;58,4;7,29
2015-04-25;21,75;59,05;7,32
2015-04-28;21,7;59,45;7,19
2015-04-29;21,6;59,35;7,39
2015-04-30;21,3;59,8;7,5
2015-05-01;20,75;59,8;7,43
2015-05-02;20,1;59,4;7,52
2015-05-05;20,8;59,69;7,62
2015-05-06;20,2;59,2;7,59
2015-05-07;20,25;59,45;7,57
2015-05-08;20,2;58,8;7,47
2015-05-09;20,33;58,8;7,57
2015-05-12;21,1;58,35;7,66
2015-05-13;20,9;57,7;7,63
2015-05-14;20,7;57,75;7,68
2015-05-15;20,73;57,38;7,59
2015-05-16;20,4;57,53;7,62
2015-05-19;20,7;57,2;7,63
2015-05-20;20,55;56,7;7,4
2015-05-21;20,53;56,7;7,38
2015-05-22;20,53;56,3;7,33
2015-05-23;20,45;56,75;7,34
2015-05-26;20,55;57,09;7,39
2015-05-27;20,55;57;7,26
2015-05-28;20,7;57,3;7,21
2015-05-29;20,65;57,4;7,22
2015-05-30;20,6;57,85;7,36
2015-06-02;20,53;57,25;7,28
2015-06-03;20,35;57,2;7,48
2015-06-04;20,28;57,3;7,52
2015-06-05;20,25;56,7;7,43
2015-06-06;20,3;56,85;7,44
2015-06-09;20,8;56,45;7,48
2015-06-10;20,65;57,03;7,6
2015-06-11;20,68;57;7,62
2015-06-12;20,25;57,4;7,54
2015-06-13;20,23;58,7;7,64
2015-06-16;20,3;59,25;7,55
2015-06-17;20,55;58,85;7,45
2015-06-18;20,33;59,1;7,5
2015-06-19;20,4;59,2;7,48
2015-06-20;20,63;59,1;7,44
2015-06-23;20,8;59,8;7,5
2015-06-24;21;59,85;7,52
2015-06-25;20,9;59,5;7,51
2015-06-26;20,58;59,5;7,61
2015-06-27;20,48;59,25;7,55
2015-06-30;20,38;59,2;7,37
2015-07-01;20,78;59,95;7,46
2015-07-02;20,7;60;7,5
2015-07-03;21,03;59,68;7,46
2015-07-04;20,9;59,4;7,45
2015-07-07;21;58,5;7,39
2015-07-08;20,85;58,05;7,47
2015-07-09;20,55;58,1;7,46
2015-07-10;21;58,68;7,49
2015-07-11;20,83;58,48;7,62
2015-07-14;21,05;58,5;7,8
2015-07-15;21,1;58,5;7,74
2015-07-16;21,4;58,6;7,77
2015-07-17;21,05;58,2;7,67
2015-07-18;21,05;58,1;7,75
2015-07-21;21,1;58,25;7,99
2015-07-22;21;58,25;7,97
2015-07-23;20,83;58,5;7,97
2015-07-24;20,5;58,175;8,09
2015-07-25;20,45;58,3;8,02
2015-07-28;20,55;58;8,03
2015-07-29;20,77;57,7;8,03
2015-07-30;20,73;57,3;8,07
2015-07-31;20,9;57,7;7,89
2015-08-01;20,4;57,4;7,88
2015-08-04;20,48;56,45;7,96
2015-08-05;19,95;56,9;7,91
2015-08-06;20,28;57,04;7,84
2015-08-07;20,45;57,5;7,85
2015-08-08;19,95;56,7;7,79
2015-08-11;20,02;57,15;7,93
2015-08-12;19,95;55,9;8,1
2015-08-13;19,55;55,6;8,2
2015-08-14;19,65;55,6;8,2
2015-08-15;19,55;55,4;8,33
2015-08-18;19,5;55,15;8,25
2015-08-19;19,6;54,8;8,28
2015-08-20;19,2;54,7;8,35
2015-08-21;19,15;54,15;8,37
2015-08-22;19,08;54,35;8,21
2015-08-25;18,63;53,3;8,18
2015-08-26;18,88;53,85;8,26
2015-08-27;18,9;54,2;8,11
2015-08-28;19,25;55,25;8,05
2015-08-29;19,48;54,75;8,12
2015-09-01;19,5;55,49;8,08
2015-09-02;19,8;54,4;8,02
2015-09-03;19,85;54,25;8,13
2015-09-04;20,1;54,63;8,18
2015-09-05;19,35;54;8,1
2015-09-08;19,28;52,75;8,09
2015-09-09;19,38;53,25;8,25
2015-09-10;19,4;52,75;8,28
2015-09-11;19,25;53,2;8,29
2015-09-12;19,4;53,28;8,27
2015-09-15;19,1;52,75;8,24
2015-09-16;19;52,5;8,18
2015-09-17;19,25;53,25;8,24
2015-09-18;19,1;53,9;8,24
2015-09-19;18,98;53,5;8,12
2015-09-22;19;53,15;7,99
2015-09-23;19,08;52,85;8,03
2015-09-24;19,2;52,95;8,08
2015-09-25;18,6;52,85;8,01
2015-09-26;18,75;52,6;8
2015-09-29;18,6;52;7,92
2015-09-30;18,65;52,15;7,98
2015-10-01;18,4;51,75;8,15
2015-10-02;18;50,15;8,17
2015-10-03;17,7;49,75;8,15
2015-10-06;17,75;51;8,21
2015-10-07;18,15;51,13;8,22
2015-10-08;18,42;51,6;8,11
2015-10-09;18,67;51;8,13
2015-10-10;18,75;51,33;8,35
2015-10-13;18,68;51,68;8,3
2015-10-14;18,4;50,93;8,33
2015-10-15;18,25;51,65;8,44
2015-10-16;18,5;50,75;8,43
2015-10-17;18,33;50,95;8,39
2015-10-20;18,75;50,65;8,35
2015-10-21;18,35;50,85;8,47
2015-10-22;18,25;50,9;8,45
2015-10-23;18,3;50,9;8,48
2015-10-24;18,25;51;8,63
2015-10-27;17,9;52,78;8,66
2015-10-28;17,98;52,15;8,61
2015-10-29;18;52,5;8,57
2015-10-30;18,15;52,65;8,68
2015-10-31;17,83;53,25;8,64
2015-11-03;17,7;51,8;8,6
2015-11-04;17,5;51,75;8,45
2015-11-05;17,4;51;8,4
2015-11-06;17,08;51;8,47
2015-11-07;17,2;51,25;8,41
2015-11-10;16,48;51,25;8,32
2015-11-11;16,63;51;8,44
2015-11-12;16,35;51,05;8,44
2015-11-13;16,2;51,35;8,37
2015-11-14;15,98;51,35;8,39
2015-11-17;16,8;51,8;8,53
2015-11-18;17,05;52,1;8,61
2015-11-19;17,3;52,6;8,58
2015-11-20;17,4;52,5;8,63
2015-11-21;17,5;51,65;8,51
2015-11-24;17,6;50,65;8,56
2015-11-25;17,7;50,7;8,65
2015-11-26;17,88;50,5;8,62
2015-11-27;17,7;50,2;8,58
2015-11-28;17,7;50,4;8,58
2015-12-01;18,2;49,7;8,58
2015-12-02;17,95;48,5;8,56
2015-12-03;17,85;48,05;8,48
2015-12-04;17,15;47,2;8,59
2015-12-05;17,15;46,75;8,52
2015-12-08;16,78;46;8,41
2015-12-09;16,75;45,68;8,41
2015-12-10;16,65;46,2;8,4
2015-12-11;16,5;46,4;8,36
2015-12-12;16,23;46,05;8,07
2015-12-15;16,08;46,5;8,07
2015-12-16;15,95;46,8;8,26
2015-12-17;15,25;46,86;8,2
2015-12-18;15,5;46,93;8,14
2015-12-19;14,9;46,33;8,13
2015-12-22;14,35;46,92;8,26
2015-12-23;13,85;46,56;8,32
2015-12-24;13,93;47,03;8,29
2015-12-25;14,2;47,37;8,26
2015-12-26;14,2;47,37;8,26
2015-12-29;14,42;47,39;8,38
2015-12-30;15,4;47,64;8,34
2015-12-31;14,3;47,83;8,28
2016-01-01;14,4;47,4;8,29
2016-01-02;14,62;46,63;8,29
2016-01-05;14,68;46,55;8,11
2016-01-06;14,7;46,1;8,06
2016-01-07;15,18;46,9;7,81
2016-01-08;15,38;47,5;7,6
2016-01-09;14,57;46,1;7,46
2016-01-12;14,48;45,7;7,17
2016-01-13;14,05;45;7,15
2016-01-14;14,25;44,5;7,29
2016-01-15;13,82;44,35;7,13
2016-01-16;13,43;43,95;6,72
2016-01-19;13,63;43,53;6,76
2016-01-20;13,7;43,8;6,86
2016-01-21;13,05;44,75;6,36
2016-01-22;12,98;44,8;6,21
2016-01-23;13,5;45,6;6,36
2016-01-26;12,77;44,8;5,91
2016-01-27;13,05;45;6,1
2016-01-28;13,4;45,45;5,93
2016-01-29;13,75;45,4;6,09
2016-01-30;13;45;6,07
2016-02-02;12,82;43,9;5,71
2016-02-03;13,05;44;5,84
2016-02-04;13,15;45,2;5,64
2016-02-05;12,45;44,5;5,62
2016-02-06;12,7;43,55;5,57
2016-02-09;12,25;42,95;5,25
2016-02-10;12,18;43;4,97
2016-02-11;12,18;42,95;4,89
2016-02-12;12;42,85;4,75
2016-02-13;12,15;43,15;5,07
2016-02-16;12,5;43,25;4,81
2016-02-17;12,58;42,8;4,7
2016-02-18;12,32;42,95;5,1
2016-02-19;12,35;43,15;5,26
2016-02-20;12,23;44;5,17
2016-02-23;12,65;45,55;5,42
2016-02-24;12,7;46;4,91
2016-02-25;12,48;45,6;4,87
2016-02-26;12,27;45;5,08
2016-02-27;12,25;44,75;5
2016-03-01;12,75;44,2;5,01
2016-03-02;12,55;43,9;5
2016-03-03;12,6;43,75;4,97
2016-03-04;12,5;44,33;4,9
2016-03-05;12,28;45,5;4,93
2016-03-08;12,48;46,7;5,1
2016-03-09;12,35;45,95;5,03
2016-03-10;12,3;45,7;5,09
2016-03-11;12,13;45,95;4,92
2016-03-12;12,4;46;5
2016-03-15;12,33;45,28;4,88
2016-03-16;12,25;44;4,87
2016-03-17;12,4;45;4,97
2016-03-18;12,38;46,5;5,01
2016-03-19;12,28;46,75;4,95
2016-03-22;12;46,3;4,88
2016-03-23;12,15;45,25;4,83
2016-03-24;12,05;44,55;4,81
2016-03-25;11,95;45,01;4,86
2016-03-26;12,13;44,95;4,86
2016-03-29;12,22;44,95;4,86
2016-03-30;11,93;44,38;4,79
2016-03-31;12,1;44,55;4,97
2016-04-01;12,4;44,9;5,22
2016-04-02;11,53;44,85;5,18
2016-04-05;11,4;44,38;5,33
2016-04-06;11,35;43,85;5,24
2016-04-07;11,32;44,5;5,31
2016-04-08;11,43;43,8;5,28
2016-04-09;11,2;44,1;5,42
2016-04-12;10,95;44,6;5,58
2016-04-13;11,5;44,55;5,59
2016-04-14;11,35;44,58;5,54
2016-04-15;11,28;46;5,61
2016-04-16;11,27;46,6;5,48
2016-04-19;11,77;47,5;5,47
2016-04-20;11,93;47,81;5,57
2016-04-21;11,95;46,75;5,55
2016-04-22;12,78;45,25;5,75
2016-04-23;13,28;46,2;5,97
2016-04-26;13,25;46,4;5,9
2016-04-27;14,38;46,94;6,62
2016-04-28;14,45;46,35;6,84
2016-04-29;13,08;46,25;6,34
2016-04-30;12,9;45,8;6,18
2016-05-03;12,65;46,33;6,11
2016-05-04;12,18;45,7;5,99
2016-05-05;12,3;45,75;6,13
2016-05-06;12,6;46,13;6,2
2016-05-07;12,75;47,5;5,86
2016-05-10;12,95;47,7;5,7
2016-05-11;12,82;47,5;5,9
2016-05-12;13;48,5;6,02
2016-05-13;12,73;48,6;5,81
2016-05-14;12,9;48,5;5,85
2016-05-17;13,1;49,21;6,11
2016-05-18;13,07;49,45;6,05
2016-05-19;13,15;48,85;6,06
2016-05-20;12,9;48,1;6
2016-05-21;12,85;48,35;5,97
2016-05-24;12,83;48,2;5,74
2016-05-25;13,02;48,2;5,8
2016-05-26;13,18;49,25;5,87
2016-05-27;13,6;50,2;6,03
2016-05-28;14,1;51,06;6,04
2016-05-31;14,04;51,2;6,12
2016-06-01;14,18;51,05;6,1
2016-06-02;14,35;50,3;5,97
2016-06-03;14,68;50,75;6,03
2016-06-04;14,3;52,3;5,95
2016-06-07;14,6;52,3;6,21
2016-06-08;14,93;53,15;6,12
2016-06-09;14,53;52,43;6,11
2016-06-10;14,32;51,25;6,12
2016-06-11;13,85;50,9;5,96
2016-06-14;13,78;50,95;5,86
2016-06-15;14,13;51,25;5,86
2016-06-16;14,1;52,15;5,91
2016-06-17;14,27;53,28;5,71
2016-06-18;14,35;54,25;5,67
2016-06-21;15;57;5,86
2016-06-22;14,82;55,7;5,56
2016-06-23;15,05;56,2;5,69
2016-06-24;15,15;56,39;5,65
2016-06-25;14,45;55;4,96
2016-06-28;14,05;53;4,77
2016-06-29;14,13;53,75;4,69
2016-06-30;14,33;54,05;4,52
2016-07-01;14;55,05;4,47
2016-07-02;14,35;57,14;4,62
2016-07-05;14,4;56,68;4,97
2016-07-06;14,15;58,4;4,71
2016-07-07;14,07;57;4,59
2016-07-08;14,3;57,73;4,58
2016-07-09;14;58,07;4,55
2016-07-12;13,88;58;4,43
2016-07-13;14,3;59;4,63
2016-07-14;14,2;59,88;4,79
2016-07-15;14,25;61,25;4,78
2016-07-16;14,2;61,1;4,93
2016-07-19;14,15;61,63;4,85
2016-07-20;14,25;60,33;4,67
2016-07-21;14,52;58,55;4,69
2016-07-22;14,8;58,5;4,66
2016-07-23;14,55;58,85;4,57
2016-07-26;14,63;58,8;4,6
2016-07-27;14,5;59,95;4,52
2016-07-28;14,23;60,75;4,54
2016-07-29;13,8;61,41;4,49
2016-07-30;13,55;61,78;4,43
2016-08-02;13,65;63,16;4,38
2016-08-03;13,5;62,9;4,42
2016-08-04;13,15;62,05;4,64
2016-08-05;13,35;61;4,7
2016-08-06;12,45;58,75;4,73
2016-08-09;12,52;59,15;4,95
2016-08-10;12,65;61,65;4,88
2016-08-11;12,68;61,48;4,77
2016-08-12;12;61,78;4,88
2016-08-13;11,7;62,45;4,9
2016-08-16;11,15;63,6;4,81
2016-08-17;11,5;62,86;4,7
2016-08-18;11,6;62,89;4,49
2016-08-19;11,43;62,09;4,69
2016-08-20;10,58;60;4,77
2016-08-23;11,05;60;4,9
2016-08-24;11,35;60,3;4,71
2016-08-25;11,05;59,05;4,61
2016-08-26;11,1;58,18;4,71
2016-08-27;11,5;59,5;4,7
2016-08-30;12,05;60,16;4,7
2016-08-31;11,8;59,88;4,55
2016-09-01;11,75;61,4;4,47
2016-09-02;11,88;63,02;4,38
2016-09-03;12,25;63,28;4,08
2016-09-06;12,1;63,93;3,93
2016-09-07;11,9;64,16;4,13
2016-09-08;11,2;63,2;4,01
2016-09-09;11,18;61,91;4,08
2016-09-10;11,15;61,45;4,08
2016-09-13;10,7;61,1;4,03
2016-09-14;11,05;62,05;4,03
2016-09-15;10,93;63,15;3,98
2016-09-16;11,65;64,01;4,14
2016-09-17;11,88;64,1;4,36
2016-09-20;13,4;64,5;4,4
2016-09-21;12,43;64,58;4,16
2016-09-22;13,1;65,85;4,21
2016-09-23;13,18;66,63;4,42
2016-09-24;13,5;66,99;4,54
2016-09-27;13,45;67,94;4,62
2016-09-28;12,85;67,89;4,43
2016-09-29;13,5;70;4,95
2016-09-30;13,55;71,68;5,02
2016-10-01;13,48;70,63;4,96
2016-10-04;12,5;72,78;5,31
2016-10-05;13,82;73,65;5,21
2016-10-06;15,1;74,41;5,48
2016-10-07;15,38;76,7;5,86
2016-10-08;15,45;76,25;5,69
2016-10-11;15,55;75,5;5,66
2016-10-12;15,55;74,03;5,43
2016-10-13;15,35;74,55;5,52
2016-10-14;15,65;75,3;5,65
2016-10-15;15,5;75,7;5,81
2016-10-18;16;75,7;5,87
2016-10-19;16,75;83,5;5,95
2016-10-20;16,95;81,2;5,67
2016-10-21;17,05;80,5;5,58
2016-10-22;17;80,95;5,89
2016-10-25;17,35;84,3;5,81
2016-10-26;17,7;84,5;5,81
2016-10-27;17,27;85;5,94
2016-10-28;17,35;84,06;5,81
2016-10-29;16,9;82,64;5,88
2016-11-01;17,8;84,06;5,9
2016-11-02;18,05;85,2;6,03
2016-11-03;19,15;84,6;6,24
2016-11-04;18,8;85,5;6,5
2016-11-05;18,25;86,2;6,41
2016-11-08;17,88;89;6,23
2016-11-09;17,85;87,54;6,15
2016-11-10;18,02;90,5;6,13
2016-11-11;18,1;90,5;5,92
2016-11-12;18,18;87,5;5,67
2016-11-15;17,6;89;5,41
2016-11-16;17,92;86;5,74
2016-11-17;17,45;84,5;5,55
2016-11-18;17,78;80,5;5,9
2016-11-19;17,98;79;5,58
2016-11-22;17,3;78,7;5,48
2016-11-23;17,65;80,2;5,51
2016-11-24;17,73;81,08;5,39
2016-11-25;17,88;82;5,34
2016-11-26;17,78;82,18;5
2016-11-29;18,4;84,08;4,74
2016-11-30;18,4;85,65;4,56
2016-12-01;18,2;86,25;4,58
2016-12-02;18,08;78,27;4,46
2016-12-03;17,6;78,26;4,3
2016-12-06;16,92;75,13;4,37
2016-12-07;16,48;72;4,5
2016-12-08;16,43;69,25;4,3
2016-12-09;16,6;72,16;4,61
2016-12-10;16,6;75,5;4,46
2016-12-13;17,2;77,51;4,87
2016-12-14;17,3;78,75;4,79
2016-12-15;17;80,25;5,01
2016-12-16;17;80,95;4,84
2016-12-17;17,5;82,25;4,93
2016-12-20;17,8;81,5;5,09
2016-12-21;17,73;82,8;5,25
2016-12-22;17,95;82,75;5,82
2016-12-23;18,13;82,38;6,09
2016-12-24;18,4;84;6,24
2016-12-27;18,4;83,91;6,24
2016-12-28;18,6;83,91;6,34
2016-12-29;18,78;84,48;6,34
2016-12-30;18,92;86,5;6,37
2016-12-31;19,75;86,85;6,57
2017-01-03;19,4;80,12;6,14
2017-01-04;18,5;78,25;5,44
2017-01-05;19,38;78;5,73
2017-01-06;18,77;78,8;5,3
2017-01-07;18,65;79,07;5,05
2017-01-10;19,2;78,33;5,28
2017-01-11;20,1;79;5,52
2017-01-12;20,6;82,45;5,53
2017-01-13;20,8;85;5,05
2017-01-14;20,17;85,5;5,05
2017-01-17;19,08;84;4,7
2017-01-18;20,05;87,75;5
2017-01-19;20,05;88,15;4,84
2017-01-20;20,67;86,28;5,2
2017-01-21;20,75;85,41;5,43
2017-01-24;22,2;87,5;5,33
2017-01-25;21,83;86,5;5,09
2017-01-26;20,65;84,25;4,98
2017-01-27;20,25;82,73;5,2
2017-01-28;19,7;81,15;4,92
2017-01-31;20,7;81,5;5,17
2017-02-01;21,2;85,5;5,36
2017-02-02;22,27;81,5;5,28
2017-02-03;22;81;5,23
2017-02-04;23;81,3;5,16
2017-02-07;23;80,25;5,1
2017-02-08;21,88;80,2;5,17
2017-02-09;20,55;79,35;5,22
2017-02-10;20,6;79,5;5,29
2017-02-11;20,1;77,5;5,12
2017-02-14;19,08;75,25;4,9
2017-02-15;18,6;74,9;5,13
2017-02-16;18,8;76;5,07
2017-02-17;18,9;77;4,94
2017-02-18;18,23;78,08;4,98
2017-02-21;18,15;79,75;5,09
2017-02-22;17,77;81,08;5,05
2017-02-23;17,8;80,2;5,07
2017-02-24;18,45;80,75;5,35
2017-02-25;17,55;80;5,39
2017-02-28;17,23;79;5,2
2017-03-01;17,1;78,58;5,24
2017-03-02;17,15;75,25;5,91
2017-03-03;17,02;75,53;5,47
2017-03-04;16,7;73,35;5,6
2017-03-07;16,83;73,6;5,49
2017-03-08;16,4;72,93;5,38
2017-03-09;16,45;72,25;5,24
2017-03-10;16,05;72;5,13
2017-03-11;16;72,35;5,17
2017-03-14;15,83;72,75;5,16
2017-03-15;15,95;73;5,11
2017-03-16;15,77;72;5,2
2017-03-17;15,73;72,03;5,15
2017-03-18;15,7;72,13;5,14
2017-03-21;15,4;71;4,99
2017-03-22;15,52;70,5;4,94
2017-03-23;15,45;69,45;4,97
2017-03-24;15,2;70,5;4,98
2017-03-25;14,9;70,5;4,77
2017-03-28;14,73;69,95;4,63
2017-03-29;14,6;69,25;4,74
2017-03-30;15;70,8;4,76
2017-03-31;15,68;71,1;4,92
2017-04-01;15,32;72,35;4,69
2017-04-04;16,1;75,5;4,87
2017-04-05;16,05;76,1;4,65
2017-04-06;16,3;76,19;4,82
2017-04-07;15,98;76,73;5,06
2017-04-08;15,6;76;4,89
2017-04-11;15,6;75,26;4,79
2017-04-12;15,65;73,7;4,87
2017-04-13;15,73;73,1;4,93
2017-04-14;15,7;73,53;4,95
2017-04-15;15,7;74,15;4,95
2017-04-18;15,97;74,15;4,95
2017-04-19;16,4;73,5;4,86
2017-04-20;16,25;74;4,83
2017-04-21;16,1;74,54;4,75
2017-04-22;16,58;74,5;4,57
2017-04-25;16,27;73,75;4,64
2017-04-26;16,08;73,2;4,5
2017-04-27;16,4;73,78;4,61
2017-04-28;16,15;74,15;4,55
2017-04-29;16,55;74,63;4,57
2017-05-02;16,72;74,35;4,57
2017-05-03;16,7;73,5;4,45
2017-05-04;16,6;73,63;4,4
2017-05-05;16,1;72,75;4,52
2017-05-06;16;72,6;4,58
2017-05-09;15,82;71,65;4,42
2017-05-10;15,85;70,85;4,52
2017-05-11;15,95;71,9;4,45
2017-05-12;15,3;71,53;4,35
2017-05-13;15,58;71,75;4,46
2017-05-16;15,48;72,03;4,39
2017-05-17;15,57;72,75;4,54
2017-05-18;15,5;74;4,58
2017-05-19;15,6;74,3;4,76
2017-05-20;15,3;76,2;4,85
2017-05-23;15,25;75,3;4,91
2017-05-24;15,55;76,7;4,75
2017-05-25;15,2;76,5;4,91
2017-05-26;15;76,48;4,98
2017-05-27;15,1;76,08;5,19
2017-05-30;15,34;76,62;5,17
2017-05-31;15,58;77,7;5,14
2017-06-01;15,3;77,15;4,98
2017-06-02;15,07;75,95;5,08
2017-06-03;14,65;77,08;5,16
2017-06-06;15,05;77,9;5,17
2017-06-07;14,85;77,55;4,97
2017-06-08;14,98;77,4;4,88
2017-06-09;15,08;77,85;5,05
2017-06-10;15,07;78,68;5,04
2017-06-13;15,13;78,13;4,92
2017-06-14;15,18;77,9;5,01
2017-06-15;15,1;77,35;4,94
2017-06-16;14,7;77,65;4,96
2017-06-17;15,18;78,18;4,88
2017-06-20;15,38;78,75;4,93
2017-06-21;15,38;79,6;4,95
2017-06-22;15,38;79,01;4,88
2017-06-23;15,23;78,7;4,86
2017-06-24;15,07;78,73;4,87
2017-06-27;15,4;79,3;4,78
2017-06-28;15,32;78,98;4,94
2017-06-29;15,43;80;4,94
2017-06-30;14,98;79,5;5,07
2017-07-01;15,35;80,15;5,03
2017-07-04;15,8;80;5,14
2017-07-05;15,35;80,24;5,12
2017-07-06;15,35;81,9;5,04
2017-07-07;15,13;84;5,24
2017-07-08;15,02;83,5;5,34
2017-07-11;15,03;83;5,4
2017-07-12;14,7;82,7;5,33
2017-07-13;14,75;82,43;5,48
2017-07-14;15,05;81,85;5,36
2017-07-15;15;81,4;5,42
2017-07-18;14,9;81,88;5,44
2017-07-19;14,98;83,08;5,46
2017-07-20;15,03;82;5,39
2017-07-21;15,3;82,5;5,3
2017-07-22;15,07;82,89;5,09
2017-07-25;14,95;81,75;5,14
2017-07-26;15,1;82,3;5,16
2017-07-27;15,4;82,63;5,25
2017-07-28;15,05;81,85;5,14
2017-07-29;15;81,85;5,18
2017-08-01;15,05;83,38;5,23
2017-08-02;14,75;82,58;5,3
2017-08-03;14,93;81,45;5,43
2017-08-04;15,13;81,76;5,43
2017-08-05;15,18;83,28;5,35
2017-08-08;15,55;83,6;5,27
2017-08-09;15,48;83,45;5,27
2017-08-10;15,88;83,75;5,37
2017-08-11;16,15;84,5;5,37
2017-08-12;16,2;84,5;5,39
2017-08-15;15,83;86;5,52
2017-08-16;15,8;85,13;5,53
2017-08-17;16,2;85,13;5,8
2017-08-18;16,1;85,13;5,81
2017-08-19;16,4;85,13;5,82
2017-08-22;16,3;85,13;5,75
2017-08-23;16,25;86,4;5,78
2017-08-24;16,58;86,76;5,95
2017-08-25;16,3;87,1;5,95
2017-08-26;16,45;88,5;6,09
2017-08-29;16,77;88,5;6,1
2017-08-30;16,45;89,5;6,04
2017-08-31;16,83;89;6,03
2017-09-01;16,33;87,63;5,94
2017-09-02;16,48;86,7;5,83
2017-09-05;16,52;86,75;5,92
2017-09-06;16,95;87,63;6,5
2017-09-07;17;88,53;6,7
2017-09-08;16,7;88,5;6,9
2017-09-09;17,05;88,85;7,07
2017-09-12;17,23;90,3;6,88
2017-09-13;17,25;90,08;6,87
2017-09-14;17,68;90,95;7,1
2017-09-15;17,98;93,38;7,1
2017-09-16;17,8;93,4;6,95
2017-09-19;18;92,7;6,73
2017-09-20;17,58;92,9;7,03
2017-09-21;17,5;94;6,91
2017-09-22;17,23;92,25;6,56
2017-09-23;17,23;91,95;6,65
2017-09-26;17,88;92,5;7,28
2017-09-27;17,7;91,88;6,98
2017-09-28;17,5;90,98;6,93
2017-09-29;17,7;90,49;6,96
2017-09-30;16,4;89,8;7,07
2017-10-03;16,53;89,25;6,94
2017-10-04;17,4;90,5;7
2017-10-05;17,48;91,5;6,9
2017-10-06;17,9;90,75;6,89
2017-10-07;17,73;89,35;7
2017-10-10;17,9;89,25;6,96
2017-10-11;17,63;90;7,39
2017-10-12;17,2;89,75;7,38
2017-10-13;16,98;90,5;7,41
2017-10-14;16,55;91;7,32
2017-10-17;16,15;92,4;7,36
2017-10-18;16,85;93,25;7,42
2017-10-19;16,83;93,75;7,81
2017-10-20;16,45;93,4;7,65
2017-10-21;16,35;92,3;7,57
2017-10-24;16,88;91;7,44
2017-10-25;16,58;91,25;7,47
2017-10-26;16,98;92,3;7,4
2017-10-27;17,05;92,18;7,2
2017-10-28;17,08;92,25;7,17
2017-10-31;17,88;92,9;7,14
2017-11-01;17,9;92,9;7,37
2017-11-02;18,38;94,63;7,51
2017-11-03;18,1;94,63;7,66
2017-11-04;18,3;93,15;7,88
2017-11-07;18,93;93,95;7,92
2017-11-08;19,25;93,05;7,75
2017-11-09;19,3;93,53;7,72
2017-11-10;19,33;93,5;7,55
2017-11-11;19,85;92,75;7,4
2017-11-14;19,98;93,5;7,35
2017-11-15;19,33;92,7;7,39
2017-11-16;19,02;91;7,69
2017-11-17;19,17;90,75;7,5
2017-11-18;19,05;91,1;7,48
2017-11-21;19,52;90,5;7,44
2017-11-22;19,65;91;7,39
2017-11-23;19,6;90,9;7,37
2017-11-24;20,25;90,9;7,66
2017-11-25;20,5;90,8;7,77
2017-11-28;20,9;91,65;7,7
2017-11-29;20,65;92;7,59
2017-11-30;20,8;92,5;7,7
2017-12-01;20,7;93;7,53
2017-12-02;20,85;90,5;7,68
2017-12-05;21,55;91,85;7,55
2017-12-06;21,4;91,75;7,43
2017-12-07;21,15;91,65;7,27
2017-12-08;21,4;91,65;7,35
2017-12-09;21;93,13;7,14
2017-12-12;21,77;94,23;7,2
2017-12-13;22,17;96,13;7,14
2017-12-14;21,5;95,88;7,07
2017-12-15;21,6;94,25;7,09
2017-12-16;21,53;95,56;7,18
2017-12-19;21,2;95,9;7,39
2017-12-20;20,17;95,2;7,54
2017-12-21;20,38;95,25;7,81
2017-12-22;20,2;95,33;8,02
2017-12-23;20;95,31;8,19
2017-12-26;19,9;95,28;8,19
2017-12-27;19,85;95,28;8,19
2017-12-28;19,95;95,4;8,17
2017-12-29;19,78;95,68;8,21
2017-12-30;19,35;96,03;8,18
2018-01-02;19,55;94,77;8,18
2018-01-03;19,15;95,4;7,81
2018-01-04;19,05;95,4;7,83
2018-01-05;19,1;94,45;7,77
2018-01-06;18,77;94,45;7,78
2018-01-09;18,95;95,23;7,66
2018-01-10;19,42;94,75;7,78
2018-01-11;19,43;94,4;7,89
2018-01-12;19,27;94,1;7,82
2018-01-13;19,6;94,25;7,86
2018-01-16;19;93,65;7,8
2018-01-17;18,8;94,4;8,05
2018-01-18;18,42;93,3;8,18
2018-01-19;18,73;92,5;8,49
2018-01-20;18,3;92,75;8,76
2018-01-23;18,5;93;8,75
2018-01-24;18;92,85;9,01
2018-01-25;17,85;92,25;9,46
2018-01-26;17,83;92,4;9,24
2018-01-27;17,4;92,4;9,09
2018-01-30;17,45;92,3;9
2018-01-31;17,4;92,3;8,88
2018-02-01;17,83;89,75;9,28
2018-02-02;18,1;87,4;9,27
2018-02-03;18,27;87,3;8,96
2018-02-06;17,75;85,9;9,07
2018-02-07;17,98;84,1;8,8
2018-02-08;18,35;84,3;8,99
2018-02-09;17,98;81,5;9,12
2018-02-10;17,95;80,1;9,23
2018-02-13;18,05;80,25;9,48
2018-02-14;18,43;82,95;9,9
2018-02-15;18,23;83,5;9,6
2018-02-16;17,98;83,5;9,54
2018-02-17;18,23;82,6;9,52
2018-02-20;19,6;84,58;9,88
2018-02-21;21,13;85,9;9,72
2018-02-22;22,05;85,8;9,56
2018-02-23;22;87,25;9,72
2018-02-24;26,6;88;9,81
2018-02-27;25,4;84,03;9,63
2018-02-28;34,4;81,7;10,15
2018-03-01;45,1;81,25;10,1
2018-03-02;76;80;9,99
2018-03-03;28,5;79,8;10,14
2018-03-06;20,3;79,65;10,36
2018-03-07;19,6;82;10,47
2018-03-08;18,8;82,1;10,64
2018-03-09;19,4;82,1;11,12
2018-03-10;19,95;82,24;11,12
2018-03-13;26,35;82,13;11,08
2018-03-14;25;81,25;11,4
2018-03-15;22,65;80,7;11,18
2018-03-16;24,3;80,7;11,19
2018-03-17;20,2;80,65;11,17
2018-03-20;20,65;79;11,06
2018-03-21;21,42;80,4;11,55
2018-03-22;21,8;80,25;12,65
2018-03-23;20,65;80,3;12,34
2018-03-24;19,6;78,75;12,61
2018-03-27;18,4;78,23;12,99
2018-03-28;18,63;78,43;13,68
2018-03-29;18,5;77,9;12,99
2018-03-30;19,5;78,09;13,28
2018-03-31;19,5;78,21;13,28
2018-04-03;19,77;78,21;13,28
2018-04-04;18,65;78,21;13,3
2018-04-05;19,1;80,43;13,06
2018-04-06;19,08;81;12,64
2018-04-07;18,83;81;12,99
2018-04-10;19;82,75;13,33
2018-04-11;20,2;82,9;13,38
2018-04-12;19,53;83,13;13,43
2018-04-13;20,77;83,13;13,59
2018-04-14;20,2;84,3;13,94
2018-04-17;19,3;83,95;14
2018-04-18;19;82,25;13,74
2018-04-19;19,15;82,35;13,89
2018-04-20;19,92;83,5;13,46
2018-04-21;19,63;84,2;13,05
2018-04-24;19,8;84;12,89
2018-04-25;19,68;83,73;13,23
2018-04-26;19,88;83,86;13,26
2018-04-27;20,13;84,35;13,49
2018-04-28;20,15;84,25;13,56
2018-05-01;20,78;85;13,59
2018-05-02;20,15;87;13,39
2018-05-03;20,38;86,5;13,06
2018-05-04;19,98;86,5;12,96
2018-05-05;20,42;86,4;13,02
2018-05-08;20,42;86,4;13,62
2018-05-09;20,7;87,5;13,6
2018-05-10;20,6;88,8;14
2018-05-11;20,9;88,8;14,61
2018-05-12;21,25;91,3;14,63
2018-05-15;21,53;91,85;14,64
2018-05-16;21,38;91,85;14,32
2018-05-17;21,75;92,75;15,18
2018-05-18;22,3;93,8;15,3
2018-05-19;22,08;93,8;15,25
2018-05-22;22,23;93;15,56
2018-05-23;22,8;93,5;15,95
2018-05-24;22,8;91,9;16,01
2018-05-25;22,7;92,1;16,29
2018-05-26;21,8;91,5;16
2018-05-29;21,8;91,5;16,31
2018-05-30;22,6;93,25;16,3
2018-05-31;22,75;93,25;15,84
2018-06-01;22,45;95,9;14,91
2018-06-02;21,85;94,7;15,29
2018-06-05;22,15;96,1;16,13
2018-06-06;21,85;95,75;15,77
2018-06-07;21,6;94,48;15,93
2018-06-08;21,75;95,25;16
2018-06-09;21,7;95,5;15,82
2018-06-12;21,6;96,5;15,49
2018-06-13;21,93;97;15,15
2018-06-14;22,48;97;15,31
2018-06-15;22,77;97;14,91
2018-06-16;21,88;97,33;14,53
2018-06-19;22,55;97,7;14,6
2018-06-20;22,13;98,4;14,24
2018-06-21;21,88;98,4;14,5
2018-06-22;21,7;95,83;14,81
2018-06-23;21,8;94,25;15,12
2018-06-26;21,6;95;15,03
2018-06-27;21,63;95;15,03
2018-06-28;22,15;96,9;15,26
2018-06-29;21,9;96,9;15
2018-06-30;21,58;97,75;14,99
2018-07-03;22,13;98,3;15,07
2018-07-04;22,25;97;15,1
2018-07-05;22,35;97;15,52
2018-07-06;22,35;99,25;15,68
2018-07-07;22,23;99,25;15,7
2018-07-10;22,63;101;16
2018-07-11;22,78;101;16,05
2018-07-12;22,52;101,75;16,32
2018-07-13;22,1;101,75;16,09
2018-07-14;22,48;99,03;16,06
2018-07-17;22,05;99,5;15,93
2018-07-18;21,95;100;16,08
2018-07-19;22,2;100;16,41
2018-07-20;22,23;100;16,86
2018-07-21;21,95;98,5;17,07
2018-07-24;22,23;97,4;17,39
2018-07-25;22,15;96,75;17,1
2018-07-26;22,23;96,75;17,34
2018-07-27;22,27;95,5;17,29
2018-07-28;22,15;95;17,12
2018-07-31;22,3;94,93;17,05
2018-08-01;22,05;95,3;17,4
2018-08-02;22,13;93,48;17,78
2018-08-03;22,15;93,5;17,64
2018-08-04;22,18;94,55;17,68
2018-08-07;22,48;94;17,57
2018-08-08;22,73;96,5;17,51
2018-08-09;22,63;97,1;17,4
2018-08-10;22,67;95,75;17,6
2018-08-11;23,1;96,43;17,89
2018-08-14;23,6;97,4;18,06
2018-08-15;23,55;99,25;18,16
2018-08-16;23,4;99,25;18,09
2018-08-17;23,63;98;17,99
2018-08-18;24,1;99,35;18,14
2018-08-21;24,17;99,25;18,49
2018-08-22;24,2;98,8;19,31
2018-08-23;24,63;97,75;19,8
2018-08-24;24,85;95,75;20,38
2018-08-25;25,15;95,75;20,69
2018-08-28;25,15;95,75;21,3
2018-08-29;25,75;100;20,69
2018-08-30;26,3;100;21,06
2018-08-31;26,25;100,2;21,16
2018-09-01;25,9;98,35;21,09
2018-09-04;26,35;99,25;20,17
2018-09-05;26,95;100,08;20,18
2018-09-06;27,2;101,7;20,37
2018-09-07;27,45;100,5;21,47
2018-09-08;28,2;100,5;23,22
2018-09-11;29,18;99,6;25,23
2018-09-12;28,7;100,55;24,18
2018-09-13;27,6;100,5;22,95
2018-09-14;26,55;100,5;18,9
2018-09-15;27,25;100,05;19,97
2018-09-18;27,55;99,5;20,94
2018-09-19;27,4;99,5;20,23
2018-09-20;28,25;100,2;21,47
2018-09-21;28,23;100,2;22,03
2018-09-22;28,52;99,93;22,13
2018-09-25;29,48;101,18;22,43
2018-09-26;29,33;102,4;21,25
2018-09-27;28,05;102,4;20,24
2018-09-28;27,5;100,6;20,83
2018-09-29;27;100,5;21,21
2018-10-02;27,2;101,8;21,37
2018-10-03;26,9;102,45;20,98
2018-10-04;27;102,5;21,18
2018-10-05;27;101,65;21,34
2018-10-06;27,35;101,95;22,16
2018-10-09;26,9;101,85;21,94
2018-10-10;26,42;100,55;20,79
2018-10-11;25,63;99,5;19,46
2018-10-12;24,78;99,5;19,87
2018-10-13;25,35;98,5;20,37
2018-10-16;25,92;98,4;18,58
2018-10-17;25,53;97,5;19,29
2018-10-18;25,35;97,5;19,27
2018-10-19;25,17;99,43;19,74
2018-10-20;26,3;99,43;19,71
2018-10-23;24,95;101,38;19
2018-10-24;24,63;100,75;19,23
2018-10-25;25,05;101,25;19,61
2018-10-26;24,45;100;19,08
2018-10-27;23,88;98,5;18,28
2018-10-30;24,52;99;16,68
2018-10-31;23,73;98,5;16,02
2018-11-01;23,4;98;16,36
2018-11-02;23,3;95,25;15,62
2018-11-03;23,6;95;17,08
2018-11-06;23,28;94,13;17,23
2018-11-07;23,2;92,55;17,57
2018-11-08;24,3;92,55;18,62
2018-11-09;24,05;91,45;19,56
2018-11-10;23,83;89,75;19,5
2018-11-13;25,5;91,3;20,5
2018-11-14;26,3;89,5;20,14
2018-11-15;26,45;87,6;19,73
2018-11-16;26,5;88,2;19
2018-11-17;25,7;88;19,11
2018-11-20;24,3;83,9;18,93
2018-11-21;24,63;83,9;19,46
2018-11-22;24,67;82,25;20,49
2018-11-23;24,8;82,6;20,92
2018-11-24;24,85;82,6;20,21
2018-11-27;24,55;82,4;19,83
2018-11-28;25,1;82,4;19,6
2018-11-29;24,33;84;19,29
2018-11-30;24,55;83,93;20,02
2018-12-01;24,15;85,5;20,5
2018-12-04;24,6;85,5;20,63
2018-12-05;23,88;85,85;20,73
2018-12-06;23,3;86,25;19,67
2018-12-07;22,6;86,25;19,99
2018-12-08;22,6;86,5;20,29
2018-12-11;23,1;87,45;20,86
2018-12-12;23,5;87,58;20,16
2018-12-13;24;87,58;21,47
2018-12-14;24,13;89,5;22,32
2018-12-15;24,55;89,5;23,37
2018-12-18;24,55;91,18;24,26
2018-12-19;23,88;90,05;24,33
2018-12-20;24,4;90;24,62
2018-12-21;24,77;88,68;24,47
2018-12-22;24,48;88,5;24,92
2018-12-25;24,05;88,5;25,18
2018-12-26;24,1;88,5;25,18
2018-12-27;24,1;88,5;25,18
2018-12-28;23,33;86,93;25,01
2018-12-29;22,02;86,25;24,98
2019-01-01;21,05;86,25;25,01
2019-01-02;21,05;86,25;25,01
2019-01-03;22,3;85,3;25,31
2019-01-04;21,8;83,8;23,32
2019-01-05;22,05;83,8;23,73
2019-01-08;20,65;81,6;22,25
2019-01-09;21,78;81,6;22,84
2019-01-10;21,13;81,13;22,03
2019-01-11;21,93;81,4;22,11
2019-01-12;21,38;81,4;22,74
2019-01-15;21,38;81,15;22,55
2019-01-16;21,2;82,65;22,62
2019-01-17;21,7;84,3;23,4
2019-01-18;22,68;85,55;23,67
2019-01-19;22,25;85,5;24,86
2019-01-22;21,8;81,4;24,47
2019-01-23;21,67;81,4;25,21
2019-01-24;21,95;82;24,72
2019-01-25;21,2;81,25;24,07
2019-01-26;20,8;78,85;23,93
2019-01-29;20,55;78,85;22,77
2019-01-30;20,8;79;23,39
2019-01-31;20,15;79,75;23,06
2019-02-01;19,95;79,13;22,3
2019-02-02;19,23;79,05;21,99
2019-02-05;19,35;77;23,06
2019-02-06;18,65;76,5;23,17
2019-02-07;19;76,8;23,7
2019-02-08;18,58;74,3;23,48
2019-02-09;18,27;72,75;22,37
2019-02-12;18,27;71,75;22,4
2019-02-13;17,45;71,75;20,7
2019-02-14;18,1;72;20,94
2019-02-15;17,75;72,35;19,78
2019-02-16;17,95;73,75;20,42
2019-02-19;17,35;74;20,01
2019-02-20;17,88;73;20,21
2019-02-21;18,1;74,25;20,48
2019-02-22;17,5;74,25;18,8
2019-02-23;16,93;73;18,94
2019-02-26;16,85;73,7;19,24
2019-02-27;17,33;74,65;19,66
2019-02-28;17,78;74,65;21,27
2019-03-01;17,75;75,25;21,69
2019-03-02;17,42;75,25;22,28
2019-03-05;17,53;75,65;23,13
2019-03-06;17,08;75,75;22,94
2019-03-07;16,93;73,5;22,13
2019-03-08;16,92;73;23,27
2019-03-09;16,78;73;23,02
2019-03-12;16,88;72,4;22,28
2019-03-13;16,5;71,55;22,33
2019-03-14;15,9;71,55;22,28
2019-03-15;15,52;70,6;22,74
2019-03-16;14,85;70,2;22,47
2019-03-19;15,4;69,3;21,82
2019-03-20;15,23;69,3;21,12
2019-03-21;15,08;67,75;21,64
2019-03-22;14,55;67,75;20,94
2019-03-23;14,2;66,5;20,67
2019-03-26;14,35;66,5;20,94
2019-03-27;14,7;64,33;21,54
2019-03-28;14,95;63,73;21,85
2019-03-29;14,2;63,63;22,26
2019-03-30;14,68;61,7;21,54
2019-04-02;14,1;62;21,91
2019-04-03;13,75;58,5;22,01
2019-04-04;14,45;58,5;23,16
2019-04-05;15,08;58,5;24,44
2019-04-06;15,82;60;24,6
2019-04-09;15,88;62,15;24,31
2019-04-10;16,85;62,15;25,53
2019-04-11;16,2;64,5;26,13
2019-04-12;16,08;63;27,32
2019-04-13;15,94;64;26,58
2019-04-16;15;64,13;26,81
2019-04-17;15,35;63,85;27
2019-04-18;15,05;63,85;27,46
2019-04-19;14,93;63,9;26,89
2019-04-20;14,93;63,9;26,89
2019-04-23;14,93;63,9;26,89
2019-04-24;14,43;62,5;27,53
2019-04-25;14,18;62,13;27,4
2019-04-26;14,75;59,3;27,28
2019-04-27;14,3;59,5;25,85
2019-04-30;14,57;59,8;26,38
2019-05-01;14,35;58,75;26,29
2019-05-02;14,4;60,03;25,78
2019-05-03;14,65;60,5;24,7
2019-05-04;14,75;60,5;25,2
2019-05-07;14,88;60,5;25,33
2019-05-08;14,48;62,13;26,4
2019-05-09;14,48;62,8;26,91
2019-05-10;14,55;62,8;26,5
2019-05-11;14,06;61,5;25,62
2019-05-14;13,8;61;25,03
2019-05-15;13,8;61;25,89
2019-05-16;14;60,7;25,97
2019-05-17;13,4;60;25,57
2019-05-18;13,07;59,2;25
2019-05-21;12,9;57,75;25,2
2019-05-22;12,8;57,5;25,38
2019-05-23;12,93;57,5;26,37
2019-05-24;12,45;56,68;26,06
2019-05-25;12,3;56,55;25,47
2019-05-28;12,3;56,33;25,59
2019-05-29;12,5;56,7;25,48
2019-05-30;11,75;56,7;25,53
2019-05-31;11,27;52,68;25,3
2019-06-01;10,35;52,75;24,46
2019-06-04;10,13;52,5;23,74
2019-06-05;11,3;53,1;24,56
2019-06-06;10,65;53,3;24,25
2019-06-07;10,43;53,5;23,98
2019-06-08;10,98;53,5;24,51
2019-06-11;11,57;53,5;25,2
2019-06-12;11,2;52,5;24,98
2019-06-13;11,2;52,55;24,82
2019-06-14;11,43;52,4;24,96
2019-06-15;11,27;51,15;25,05
2019-06-18;11,38;50,25;25,02
2019-06-19;11,1;50,25;25,12
2019-06-20;10,32;48,98;24,96
2019-06-21;10,23;49,23;25,1
2019-06-22;10,3;48,93;25,3
2019-06-25;9,8;48,3;26,37
2019-06-26;9,13;49,45;26,41
2019-06-27;9,4;49,65;27,39
2019-06-28;9,13;49,05;26,89
2019-06-29;9,5;49,58;26,28
2019-07-02;10,2;53;26,92
2019-07-03;10,27;53,25;26,72
2019-07-04;10,27;53,75;26,51
2019-07-05;10,35;53,75;26,01
2019-07-06;11,13;57,25;26,38
2019-07-09;11,9;60;26,81
2019-07-10;11,55;57,48;26,56
2019-07-11;12,5;59,13;28,19
2019-07-12;12,75;60,5;28,29
2019-07-13;13;60,3;28,79
2019-07-16;12,85;60,2;29,05
2019-07-17;11,25;59,3;28,47
2019-07-18;11,15;59,3;28,47
2019-07-19;10,7;59,8;27,78
2019-07-20;10,75;62;28,89
2019-07-23;10,3;59,5;28,99
2019-07-24;10,65;61,5;29,81
2019-07-25;10,35;61,5;29,19
2019-07-26;10,3;61,45;29,02
2019-07-27;10,05;60,33;28,29
2019-07-30;9,5;58,23;28,42
2019-07-31;9,73;57,75;27,9
2019-08-01;10,15;58,15;27,98
2019-08-02;11,25;58,53;29,45
2019-08-03;11,3;58,95;29,26
2019-08-06;10,07;58,25;28,7
2019-08-07;9,77;56,43;28,41
2019-08-08;9,73;56,38;28,28
2019-08-09;10,05;57;28,53
2019-08-10;10,13;57,45;28,12
2019-08-13;10,43;57,6;26,7
2019-08-14;10,73;58,5;27,1
2019-08-15;9,65;58,7;26,91
2019-08-16;9,5;58;25,98
2019-08-17;9,6;57,5;25,96
2019-08-20;9,55;57,05;26,56
2019-08-21;9,93;57,25;26,25
2019-08-22;9,93;55,6;26,02
2019-08-23;10,05;56,6;25,66
2019-08-24;9,65;54,88;25,1
2019-08-27;9,88;54,88;25,83
2019-08-28;10,45;53,08;25,41
2019-08-29;10,1;53,08;26,01
2019-08-30;9,9;53;26,46
2019-08-31;9;54,5;26,32
2019-09-03;7,85;54,5;25,19
2019-09-04;7,18;54,5;25,23
2019-09-05;7,5;54,5;25,52
2019-09-06;8,07;57,83;25,53
2019-09-07;9,4;57,95;25,08
2019-09-10;9,52;59,5;25,02
2019-09-11;10,9;61,43;26,72
2019-09-12;10,23;63,1;26,27
2019-09-13;10,9;63,1;26,43
2019-09-14;10,57;62,9;26,38
2019-09-17;11,2;64,23;27,04
2019-09-18;9,7;63,78;26,22
2019-09-19;9,55;62,25;25,45
2019-09-20;9,3;63,15;25,95
2019-09-21;9,9;62,9;26,53
2019-09-24;10,05;61,5;25,8
2019-09-25;11,15;61,5;25,54
2019-09-26;10,15;58,45;25,21
2019-09-27;10,18;58,68;25,64
2019-09-28;9,4;59,05;25,3
2019-10-01;8,23;59,7;24,72
2019-10-02;9,95;61,25;25,04
2019-10-03;10,1;61,3;24,19
2019-10-04;12,5;61,3;23,24
2019-10-05;11,25;60,75;22,94
2019-10-08;10,25;61,25;23,41
2019-10-09;9,45;61,25;22,53
2019-10-10;8,15;62,3;22,65
2019-10-11;8,9;62;23,26
2019-10-12;9,35;62;24,44
2019-10-15;11,1;62,18;24,15
2019-10-16;10,9;61,85;25,71
2019-10-17;10,55;60,98;26,3
2019-10-18;10;60,73;26,06
2019-10-19;10,6;60,8;25,88
2019-10-22;10,1;60,53;25,93
2019-10-23;10,32;60,3;25,66
2019-10-24;10,45;58,23;24,75
2019-10-25;9,9;58,45;25,44
2019-10-26;11,35;58,45;24,97
2019-10-29;11,3;56,25;25,12
2019-10-30;10,32;56,25;25,45
2019-10-31;10,32;56,63;26
2019-11-01;10;56,18;25,61
2019-11-02;11,45;56,18;25,29
2019-11-05;13,05;58;25,63
2019-11-06;13,33;58;25,51
2019-11-07;13;58,25;24,79
2019-11-08;14,38;58;24,94
2019-11-09;14,7;57,65;24,84
2019-11-12;14,6;55,75;24,93
2019-11-13;15;56,5;24,12
2019-11-14;14,9;56,58;24,39
2019-11-15;14,63;56,5;23,96
2019-11-16;15,15;57,4;23,85
2019-11-19;14,77;57,4;23,39
2019-11-20;15,2;56,05;23,44
2019-11-21;15,18;58;24,03
2019-11-22;15,7;59;23,94
2019-11-23;15,65;59,75;24,58
2019-11-26;16,6;59,65;24,44
2019-11-27;15,55;59,25;24,38
2019-11-28;15,95;58,88;25,11
2019-11-29;15,6;58,75;25,01
2019-11-30;15,65;58,75;25,22
2019-12-03;15,43;59,6;24,33
2019-12-04;15,02;59,75;24
2019-12-05;14,88;57,7;24,74
2019-12-06;14,1;57,63;24,69
2019-12-07;14,2;57,63;24,94
2019-12-10;13,73;57,63;25,13
2019-12-11;13,65;54,78;24,94
2019-12-12;13,18;54,78;24,48
2019-12-13;13,4;55,65;25,07
2019-12-14;13;55,65;24,02
2019-12-17;12,6;54,8;24,86
2019-12-18;13,2;56;26,07
2019-12-19;12,77;54,25;26,58
2019-12-20;13,18;54,05;26,85
2019-12-21;13;52;26,67
2019-12-24;11,38;52;26,54
2019-12-25;11,35;52;26,08
2019-12-26;11;52;26,08
2019-12-27;11;52;26,08
2019-12-28;12,7;52;26,7
2019-12-31;12,35;52;25,09
2020-01-01;11,57;53;24,64
2020-01-02;11,6;53;24,64
2020-01-03;11,85;53;24,39
2020-01-04;12,73;53;24,98
2020-01-07;12,23;53,9;24,23
2020-01-08;11,77;53,68;24,55
2020-01-09;11,8;54;24,08
2020-01-10;11,8;53,95;24,67
2020-01-11;11,8;54;24,21
2020-01-14;12;55,15;24,14
2020-01-15;11,25;54,6;23,84
2020-01-16;11,18;54,6;24,51
2020-01-17;11,05;51,08;24,85
2020-01-18;10,85;53;25,44
2020-01-21;10,7;49,85;25,17
2020-01-22;10,95;49,08;24,92
2020-01-23;10,5;49,3;25,01
2020-01-24;10,43;49,13;24,7
2020-01-25;10,5;50,25;24,38
2020-01-28;10,48;50,3;24,59
2020-01-29;10,88;49,9;24,65
2020-01-30;10,23;49,4;23,99
2020-01-31;9,9;49,4;23,74
2020-02-01;9,85;47,25;23,88
2020-02-04;9,45;47,15;23,21
2020-02-05;9,8;48,98;23,36
2020-02-06;9,55;51;23,77
2020-02-07;9,27;49,8;23,56
2020-02-08;9,2;49,8;23,32
2020-02-11;8,88;47,88;23,16
2020-02-12;9,05;49;23,3
2020-02-13;9,38;49;23,88
2020-02-14;9;51,25;24,4
2020-02-15;9,15;52,5;24,29
2020-02-18;9,38;52,5;25,05
2020-02-19;9,65;50,75;25,14
2020-02-20;9,8;49,03;25,71
2020-02-21;9,82;49,83;25,64
2020-02-22;9,5;47,75;25,61
2020-02-25;9,22;47,1;24,57
2020-02-26;9,25;48,1;24,18
2020-02-27;9,5;46,9;24,26
2020-02-28;9,2;47,25;23,6
2020-02-29;9,4;47,25;23,61
2020-03-03;9,4;47,63;23,52
2020-03-04;9,55;47;23,36
2020-03-05;9,27;47,63;23,83
2020-03-06;9,4;48,23;23,81
2020-03-07;9,15;48,1;23,42
2020-03-10;8,75;47,3;23,28
2020-03-11;9,15;47,5;24,1
2020-03-12;9,18;47,5;23,92
2020-03-13;9,43;47,45;22,52
2020-03-14;9,4;47,45;21,94
2020-03-17;8,88;48,35;19,47
2020-03-18;8,5;48,35;18,31
2020-03-19;8,45;49,6;15,3
2020-03-20;8,7;49,33;16,39
2020-03-21;8,75;50,2;16,11
2020-03-24;8,2;49,1;15,54
2020-03-25;8,15;49,1;16,78
2020-03-26;8;54,3;17,51
2020-03-27;7,63;54,3;17,35
2020-03-28;7,43;52,55;16,39
2020-03-31;7,15;51,33;17,06
2020-04-01;7,2;50,83;17,68
2020-04-02;6,97;51,6;17,08
2020-04-03;7,03;48,9;18,06
2020-04-04;7,05;47,28;17,96
2020-04-07;7,13;46,18;20,4
2020-04-08;7,32;46,85;20,51
2020-04-09;7,1;47,38;21,14
2020-04-10;7,05;48,25;21,08
2020-04-11;7,05;48,25;21,08
2020-04-14;7,05;48,25;21,08
2020-04-15;7,18;48,4;19,81
2020-04-16;6,85;44,75;19,25
2020-04-17;7,07;45,33;20,94
2020-04-18;6,35;46,7;21,7
2020-04-21;6,25;46,7;21,38
2020-04-22;5,95;43,85;19,85
2020-04-23;6,05;42,5;20,66
2020-04-24;5,65;42;21,03
2020-04-25;5,6;41,35;20,74
2020-04-28;6,13;39,5;20,28
2020-04-29;5,98;38,68;20,21
2020-04-30;5,65;39,23;20,19
2020-05-01;5,55;38,85;19,57
2020-05-02;5,25;38,85;18,97
2020-05-05;5,5;42;19,35
2020-05-06;5,3;42;19,09
2020-05-07;5,53;43,3;19
2020-05-08;5,25;44,25;19,54
2020-05-09;5,2;44,25;19,35
2020-05-12;5,88;42,75;19,07
2020-05-13;5,13;41,5;18,52
2020-05-14;5,1;41,5;18,67
2020-05-15;4,85;41,9;18,84
2020-05-16;4,78;41,93;19,17
2020-05-19;4,5;41,8;20,34
2020-05-20;4,22;41,63;19,97
2020-05-21;3,95;41,25;21,26
2020-05-22;3,1;41,25;21,18
2020-05-23;4,03;41,65;21,4
2020-05-26;4,03;41,5;21,59
2020-05-27;4;41,5;21,6
2020-05-28;3,55;42;21,33
2020-05-29;3,2;42;21,26
2020-05-30;3,5;42,25;21,4
2020-06-02;3,6;43;20,97
2020-06-03;4,3;46,6;22,07
2020-06-04;4,9;47,25;22,08
2020-06-05;4,47;46,88;22,21
2020-06-06;4,88;47,05;23,24
2020-06-09;4,85;46,88;22,71
2020-06-10;4,65;46,88;22,48
2020-06-11;4,57;45,38;22,91
2020-06-12;4,72;45,38;22,27
2020-06-13;4,95;43,95;22
2020-06-16;5,38;45,53;22,16
2020-06-17;5,1;46,08;22,78
2020-06-18;5,1;44,75;22,75
2020-06-19;5,2;44,75;24,47
2020-06-20;5,45;45,7;24,16
2020-06-23;5,22;46,08;24,53
2020-06-24;5,72;47,7;25,41
2020-06-25;5,72;48,35;25,4
2020-06-26;5,03;48,1;25,18
2020-06-27;4,97;49,25;24,73
2020-06-30;5,65;49,5;26,63
2020-07-01;5,5;49,58;26,97
2020-07-02;5,57;51,1;27,71
2020-07-03;5,18;51,1;27,37
2020-07-04;5;50,93;27,91
2020-07-07;5,43;52,25;29,7
2020-07-08;5,55;52,38;29,39
2020-07-09;5,5;52,95;29,32
2020-07-10;4,75;50,38;28,61
2020-07-11;4,75;49,4;29,02
2020-07-14;4,2;48,75;29,35
2020-07-15;4,22;48,75;29,64
2020-07-16;4,72;48,75;28,85
2020-07-17;4,45;49,3;26,61
2020-07-18;5,15;49,4;27,82
2020-07-21;4,43;49,25;26,17
2020-07-22;4,63;50,25;26,61
2020-07-23;4,9;51,53;26,63
2020-07-24;4,85;51,55;27,33
2020-07-25;4,78;51,8;26,37
2020-07-28;4,38;49,68;25,01
2020-07-29;4,68;50,1;25,74
2020-07-30;4,93;50,8;26,19
2020-07-31;4,93;50,8;25,54
2020-08-01;5,2;52,05;26,28
2020-08-04;6,22;53;26,13
2020-08-05;6,75;53,18;26,83
2020-08-06;6,68;53,15;26,77
2020-08-07;7,05;52,7;26,39
2020-08-08;7;52,7;26,42
2020-08-11;6,93;53,5;26,71
2020-08-12;6,82;50,5;26,19
2020-08-13;6,35;49,13;25,97
2020-08-14;6,47;49,05;25,43
2020-08-15;7;48,93;25,48
2020-08-18;7,45;48,5;26,3
2020-08-19;8,06;48,6;26,55
2020-08-20;7,9;48,48;26,23
2020-08-21;7,25;48,5;25,9
2020-08-22;6,6;47,35;25,65
2020-08-25;8,02;48,2;27,48
2020-08-26;8,52;48;28,61
2020-08-27;8,8;48,8;28,62
2020-08-28;8,82;49,33;28,37
2020-08-29;9,57;51,4;29,52
2020-09-01;10,13;51,4;28,66
2020-09-02;10,7;54;27,74
2020-09-03;10,48;54;28,23
2020-09-04;11,35;52,3;28,74
2020-09-05;11,68;52,3;27,36
2020-09-08;11,3;52,05;27,05
2020-09-09;10,88;52;26,79
2020-09-10;10,79;52;27,2
2020-09-11;10,3;52,5;28,42
2020-09-12;10,43;52,95;28,26
2020-09-15;10,5;54;30,47
2020-09-16;10,7;53,65;29,79
2020-09-17;11,15;53,65;29,99
2020-09-18;11;53,58;28,43
2020-09-19;11,1;53,13;27,99
2020-09-22;11,38;54;26,4
2020-09-23;11,32;53;27,85
2020-09-24;11,6;53;26,5
2020-09-25;11,6;55,15;26,79
2020-09-26;11,43;54,8;26,17
2020-09-29;12,32;57;27,71
2020-09-30;12,55;57;26,79
2020-10-01;11,55;57,75;26,93
2020-10-02;12,13;59;26,51
2020-10-03;11,77;58,18;27,03
2020-10-06;13,07;59;26,94
2020-10-07;12,85;58,2;26,79
2020-10-08;13,55;58,2;26,9
2020-10-09;13,65;59;26,34
2020-10-10;13,9;58,35;25,71
2020-10-13;13,68;56,6;25,87
2020-10-14;13,25;56,6;25,22
2020-10-15;13,75;58;25,75
2020-10-16;14,4;58;24,96
2020-10-17;14,77;58;24,89
2020-10-20;15;58,5;24,98
2020-10-21;14,8;59;24,41
2020-10-22;14,93;58;23,56
2020-10-23;15,23;57,1;24,18
2020-10-24;15,18;57,1;25,49
2020-10-27;14,82;57,1;23,85
2020-10-28;14,77;57,1;24,07
2020-10-29;14,15;57,1;23,03
2020-10-30;13,82;57,1;23,67
2020-10-31;13,5;57,1;23,71
2020-11-03;13,2;51,7;23,67
2020-11-04;13,7;51,7;24,39
2020-11-05;13,9;51,3;25,11
2020-11-06;14,4;52,6;25,98
2020-11-07;13,38;52,6;25,42
2020-11-10;14,05;57,5;26,55
2020-11-11;14,07;54,3;26,23
2020-11-12;13,98;51,1;26,13
2020-11-13;14;54,9;25,92
2020-11-14;13,9;55,2;26,28
2020-11-17;14,18;55,88;27,39
2020-11-18;13,45;55,38;26,64
2020-11-19;13;56;27,19
2020-11-20;12,95;56;26,35
2020-11-21;12,6;56;26,74
2020-11-24;13,52;54,75;27,25
2020-11-25;13,9;57,5;27,63
2020-11-26;14,02;58,55;27,62
2020-11-27;14,13;59,25;28,1
2020-11-28;14,6;59,25;28,13
2020-12-01;15,2;60,75;29,14
2020-12-02;14,82;60,75;28,86
2020-12-03;14,8;61,35;29,55
2020-12-04;13,9;61,35;29
2020-12-05;14,65;63,6;30,11
2020-12-08;14,15;63,6;29,62
2020-12-09;14,45;63,5;29,57
2020-12-10;14,75;63,5;29,7
2020-12-11;15,58;64,25;30,9
2020-12-12;15,93;64,25;30,52
2020-12-15;16,68;64,25;30,81
2020-12-16;17,28;64,25;32,18
2020-12-17;16,15;64,25;31,78
2020-12-18;15,88;68,5;31,96
2020-12-19;15,68;68,5;31,1
2020-12-22;16,9;68,5;30,89
2020-12-23;17,45;68,5;31,15
2020-12-24;17,1;70,25;31,92
2020-12-25;17,63;70,25;32,19
2020-12-26;17,63;70,25;32,19
2020-12-29;17,63;70,25;33,44
2020-12-30;19,05;70,25;33,02
2020-12-31;19;70,25;32,19
2021-01-01;18,88;70,25;32,72
2021-01-02;18,8;70,25;32,72
2021-01-05;19,83;71;33,69
2021-01-06;18,05;71;32,96
2021-01-07;17,73;71;33,63
2021-01-08;19,52;71;34,76
2021-01-09;20,45;68,5;34,92
2021-01-12;22,3;70;34,53
2021-01-13;26,9;70;34,66
2021-01-14;23,13;71,75;33,65
2021-01-15;21,1;71,75;33,53
2021-01-16;20,35;71,03;31,74
2021-01-19;19,05;68,05;31,62
2021-01-20;20,25;68,05;33,09
2021-01-21;19,83;68,05;32,91
2021-01-22;19,75;68,05;34,11
2021-01-23;21,55;66,88;34,24
2021-01-26;20,45;67,25;33,16
2021-01-27;19,85;67,5;33,35
2021-01-28;19,78;68;33,28
2021-01-29;20,85;68;33,95
2021-01-30;19,9;69,8;32,95
2021-02-02;17,5;68,45;32,85
2021-02-03;18,03;65,75;34,97
2021-02-04;17,85;63;37,43
2021-02-05;18,02;63;37,27
2021-02-06;18,45;63;38,2
2021-02-09;20,8;66,9;38,61
2021-02-10;19,85;66,9;38,26
2021-02-11;19;68;39,33
2021-02-12;18,1;66,8;38,76
2021-02-13;17,75;66,9;40,02
2021-02-16;16,33;63,75;39,52
2021-02-17;16,58;63,5;38,86
2021-02-18;16,4;62,45;38,09
2021-02-19;17,2;62,45;38,32
2021-02-20;16,58;64,2;37,4
2021-02-23;15,95;63,75;37,96
2021-02-24;15,9;63,75;38,67
2021-02-25;16,25;63,5;39,15
2021-02-26;15,93;63,5;38,26
2021-02-27;15,8;65;37,28
2021-03-02;16,35;64,5;37,13
2021-03-03;16,13;64,5;38,35
2021-03-04;16,05;64,5;37,47
2021-03-05;16,4;64,5;38,16
2021-03-06;16,55;64,5;39,02
2021-03-09;16,85;62,5;39,13
2021-03-10;17,38;62,5;40,65
2021-03-11;17,85;64,28;41,54
2021-03-12;18,2;64,9;41,93
2021-03-13;18,65;65;42,85
2021-03-16;18,4;65,6;42,39
2021-03-17;17,93;65,2;41,6
2021-03-18;18,7;65,2;42,99
2021-03-19;17,6;65,2;42,4
2021-03-20;17,75;68,55;41,97
2021-03-23;18,55;68,55;42,84
2021-03-24;18,5;69,85;41,43
2021-03-25;18,75;69,85;41,6
2021-03-26;18,15;69,5;40,35
2021-03-27;18,48;69,5;41,73
2021-03-30;18,42;69,93;41,85
2021-03-31;18,75;69,93;42,05
2021-04-01;18,93;69,5;42,55
2021-04-02;19,2;70,9;42,47
2021-04-03;19,2;70,9;42,47
2021-04-06;19,2;70,9;42,47
2021-04-07;20,4;70,2;44,24
2021-04-08;20,05;69,75;43,86
2021-04-09;19,45;69,75;43,48
2021-04-10;19,5;66;43,64
2021-04-13;20,8;66;44,48
2021-04-14;20,42;70,1;43,85
2021-04-15;20,41;70,1;43,82
2021-04-16;20,8;70,1;44,16
2021-04-17;21,15;70,1;44,42
2021-04-20;21,52;75,45;44,35
2021-04-21;21,55;73,4;44,89
2021-04-22;21,32;73;45,91
2021-04-23;21,73;73;47,09
2021-04-24;20,17;73,9;46,95
2021-04-27;20,17;73,4;47,2
2021-04-28;21,75;74,5;47,3
2021-04-29;21,9;74,5;47,79
2021-04-30;22,67;75,2;48,02
2021-05-01;23,6;77,65;48,84
2021-05-04;24,15;77,65;49,42
2021-05-05;24,02;78,35;48,61
2021-05-06;24,68;78,25;49,45
2021-05-07;24,98;80,4;49,94
2021-05-08;23,88;80,4;50,45
2021-05-11;25,05;84,8;52,22
2021-05-12;26,05;85,18;53,04
2021-05-13;26,1;85,18;55,32
2021-05-14;26,4;85,18;54,49
2021-05-15;26,92;86,5;56,65
2021-05-18;26,55;86,5;56,34
2021-05-19;25,65;83,95;53,07
2021-05-20;22,9;83,63;49,68
2021-05-21;24,7;83,63;52,7
2021-05-22;24,8;85,75;51,75
2021-05-25;24,8;88,35;52,77
2021-05-26;26,35;90,25;53,32
2021-05-27;26,33;90,9;53,67
2021-05-28;25,35;91,5;51,84
2021-05-29;25,45;92,15;51,03
2021-06-01;25,5;92,15;51,7
2021-06-02;26,13;95;52,41
2021-06-03;25,52;95;51,4
2021-06-04;25,83;99,75;50,24
2021-06-05;25,83;98,75;49,97
2021-06-08;26,67;98,75;51,47
2021-06-09;28,13;103,35;52,17
2021-06-10;27,9;103,35;53,51
2021-06-11;27,8;103,35;53,78
2021-06-12;28;111,8;52,67
2021-06-15;28,9;111,8;52,9
2021-06-16;27,95;104;51,4
2021-06-17;28,15;104;51,34
2021-06-18;28,6;104;50,91
2021-06-19;29,55;104;51,9
2021-06-22;29,8;104;52,42
2021-06-23;31,4;104;53,41
2021-06-24;31,68;104;54,67
2021-06-25;31,95;104;55,09
2021-06-26;32,1;115,5;55,05
2021-06-29;32,2;115;55,5
2021-06-30;33,67;115,08;55,64
2021-07-01;35,5;116,38;56,37
2021-07-02;36,4;117,5;57,65
2021-07-03;36,2;119;57,35
2021-07-06;37,85;119;57,87
2021-07-07;33,97;119;54,02
2021-07-08;32,8;120;52,62
2021-07-09;34;120;52,35
2021-07-10;36,85;120;54,26
2021-07-13;34,65;125,15;51,71
2021-07-14;35,28;125,15;52,85
2021-07-15;33,9;131;53,37
2021-07-16;34;131;52,97
2021-07-17;35,28;131;52,89
2021-07-20;36,2;131;52,41
2021-07-21;35,3;130;51,21
2021-07-22;36;130;52,14
2021-07-23;35,8;132,25;50,79
2021-07-24;35,65;132,25;50,89
2021-07-27;36,97;134,75;53,2
2021-07-28;37,98;134,75;52,91
2021-07-29;39,75;135;53,84
2021-07-30;41,38;137,5;54,05
2021-07-31;40,47;138,45;53,33
2021-08-03;42,1;137,5;54,43
2021-08-04;41,25;137,25;54,19
2021-08-05;41,75;137;55,46
2021-08-06;42,58;138,25;55,98
2021-08-07;42,9;140;56,66
2021-08-10;42,75;142,7;56,62
2021-08-11;44,44;143,65;57,41
2021-08-12;46,2;143,65;57,78
2021-08-13;45,6;151;56,26
2021-08-14;44,25;149,25;55,38
2021-08-17;47,69;152,25;58,16
2021-08-18;46,25;152,25;57,23
2021-08-19;44,8;147,4;57,13
2021-08-20;40,38;140,5;53,5
2021-08-21;41,55;135;54,38
2021-08-24;42,4;142,43;55,34
2021-08-25;45,6;145;56,64
2021-08-26;45,2;147,5;56,54
2021-08-27;45,4;147,5;56,86
2021-08-28;47,25;147,9;59
2021-08-31;47,25;147,9;60,76
2021-09-01;50,1;154;60,76
2021-09-02;51;151;60,12
2021-09-03;51,08;159,63;61,52
2021-09-04;51,2;159,63;61,32
2021-09-07;52,13;159,63;62,31
2021-09-08;53,6;166,25;61,99
2021-09-09;54,75;166,25;62,45
2021-09-10;56,33;166,25;62,75
2021-09-11;58,03;166,25;60,92
2021-09-14;61,5;166,25;61,07
2021-09-15;65,8;166,25;59,85
2021-09-16;65,5;169;59,86
2021-09-17;60,85;169;59,31
2021-09-18;65,6;162;59,48
2021-09-21;73,2;165;60,68
2021-09-22;72;165;60,16
2021-09-23;70,1;166;60,6
2021-09-24;67,03;171,25;60,54
2021-09-25;68,35;185,5;62,94
2021-09-28;75,98;200,25;64,37
2021-09-29;79;209;61,92
2021-09-30;80;209;62,88
2021-10-01;93,15;213,75;61,74
2021-10-02;87,6;213,75;62,04
2021-10-05;89,4;213,75;63,4
2021-10-06;115,8;280;64,72
2021-10-07;100,3;280;59,12
2021-10-08;91,9;209,5;60,37
2021-10-09;79,78;206;58,33
2021-10-12;84;229;59,15
2021-10-13;85,1;242;58,93
2021-10-14;91,5;242;59,07
2021-10-15;99,45;237,5;61,44
2021-10-16;87;237,5;59,44
2021-10-19;85,2;211;58,56
2021-10-20;84,7;217,9;54,55
2021-10-21;90,5;217,9;57,78
2021-10-22;86,2;159,5;57,98
2021-10-23;87,05;171;58,27
2021-10-26;89;171;58,99
2021-10-27;87,83;202;59,81
2021-10-28;84,95;202;59,9
2021-10-29;74;170;58,57
2021-10-30;60,4;156;58,71
2021-11-02;64,4;156;56,94
2021-11-03;67,98;128,5;59,46
2021-11-04;78;135;59,82
2021-11-05;72,4;119,3;59,86
2021-11-06;73;119,3;59,39
2021-11-09;77,13;119,3;60,63
2021-11-10;71;119,3;60,41
2021-11-11;74,25;132;63,7
2021-11-12;74,7;133;63,27
2021-11-15;79,5;;65,93
2021-11-16;93,8;129;67,55
2021-11-17;94;134,75;67,16
2021-11-18;90,64;;69,1
2021-11-19;86,5;;69,36
2021-11-22;84,35;140,5;69,91
2021-11-23;91,25;;69,17
2021-11-24;94;;72,91
2021-11-25;92,2;152;74,46
2021-11-26;87,95;;72,78
2021-11-29;93,88;;74,21
2021-11-30;91,35;;75,37
2021-12-01;97,5;112;76,81
2021-12-02;91,85;120;79,86
2021-12-03;89,2;125;78,25
2021-12-06;87,57;122;81,25
2021-12-07;96,7;128,5;84,91
2021-12-08;98,9;134;88,88
2021-12-09;101,25;135;80,2
2021-12-10;103,6;134;83,73
2021-12-13;115,85;;82,12
2021-12-14;127,2;145,4;79,48
2021-12-15;127;146,25;80,5
2021-12-16;132,25;;84,77
2021-12-17;136,9;150;73,28
2021-12-20;149;;79,38
2021-12-21;182,3;;80,94
2021-12-22;166,75;;76,83
2021-12-23;124;;74,46
2021-12-24;105;;76,31
2021-12-27;;;76,92
2021-12-28;;;79,29
2021-12-29;95,9;;80,36
2021-12-30;78,5;119;80,16
2021-12-31;66,5;;80,65
2022-01-03;;;84,01
2022-01-04;86;;84,91
2022-01-05;90;;87,58
2022-01-06;96,5;;86,74
2022-01-07;84,4;;85,42
2022-01-10;84,2;;80,09
2022-01-11;88,15;;81,3
2022-01-12;75,4;130,5;80,01
2022-01-13;79,95;;80,56
2022-01-14;85,4;;82,08
2022-01-17;76,05;157,5;80,58
2022-01-18;79,08;160;82,67
2022-01-19;73,6;156,25;82,09
2022-01-20;76;156;85,59
2022-01-21;80,5;161,75;84,47
2022-01-24;93;165;84,02
2022-01-25;92,9;;87,45
2022-01-26;91,7;;88,66
2022-01-27;91,7;;89,76
2022-01-28;92,43;;89,22
2022-01-31;84,6;;89,24
2022-02-01;75,9;;89,52
2022-02-02;76,5;158;94,21
2022-02-03;77,6;156,5;94,81
2022-02-04;80,2;;96,45
2022-02-07;78,5;;96,7
2022-02-08;75,7;175,25;96,93
2022-02-09;75,65;180;90,79
2022-02-10;72,57;173,5;90,78
2022-02-11;74,57;174;92,87
2022-02-14;80;177,5;91,76
2022-02-15;67,95;172,75;91,14
2022-02-16;68,9;163,53;89,86
2022-02-17;72;161;86,44
2022-02-18;73,5;;89,47
2022-02-21;71,5;;89,68
2022-02-22;80,3;187;89,77
2022-02-23;89,2;202;95,07
2022-02-24;119;240;87,03
2022-02-25;89,95;217;88,14
2022-02-28;101,13;250,5;82,21
2022-03-01;114;;68,85
2022-03-02;169,8;415;68,49
2022-03-03;154,5;365;67,35
2022-03-04;203;;65,1
2022-03-07;227;;58,3
2022-03-08;210;;68,51
2022-03-09;149,75;462;73,18
2022-03-10;134,03;365;76,41
2022-03-11;132;;76,76
2022-03-14;117,85;;78,28