datetime,scenario_1
2024-07-01,42.09412661838834
2024-07-02,46.89736658002595
2024-07-03,45.208900631079366
2024-07-04,46.95325025650352
2024-07-05,45.290955784178195
2024-07-06,42.984067948928036
2024-07-07,41.057629331566204
2024-07-08,46.80314811398039
2024-07-09,45.28832769314819
2024-07-10,45.9331088170632
2024-07-11,43.81001907452997
2024-07-12,37.464743038545876
2024-07-13,32.80513651598374
2024-07-14,28.02687121406256
2024-07-15,31.835827263467003
2024-07-16,40.35014575059137
2024-07-17,42.25754975445156
2024-07-18,41.47215368806013
2024-07-19,40.528826867532345
2024-07-20,42.26034433432314
2024-07-21,36.942140954968565
2024-07-22,41.14509328996537
2024-07-23,42.39514513388796
2024-07-24,41.817790561745134
2024-07-25,40.56573124278127
2024-07-26,42.589335910692846
2024-07-27,40.95663138017606
2024-07-28,36.704332119208615
2024-07-29,44.193257373408706
2024-07-30,42.826674127613686
2024-07-31,43.76874863244915
2024-08-01,45.02237473669913
2024-08-02,43.607953869807695
2024-08-03,41.34931582968276
2024-08-04,36.31526882621638
2024-08-05,41.529885027137404
2024-08-06,42.013123798143475
2024-08-07,41.74714111715302
2024-08-08,44.36723927155405
2024-08-09,45.323386993176975
2024-08-10,40.34105427676447
2024-08-11,30.50647658450069
2024-08-12,42.64106097229513
2024-08-13,42.833913369178006
2024-08-14,43.6742586808942
2024-08-15,30.5016821811732
2024-08-16,31.974313831080185
2024-08-17,30.197832378445394
2024-08-18,32.6189371982229
2024-08-19,39.17129401408456
2024-08-20,42.97658435424106
2024-08-21,44.20934624998821
2024-08-22,45.788549024072836
2024-08-23,43.64160458636421
2024-08-24,38.37070847881798
2024-08-25,34.31919460886961
2024-08-26,43.25389317151244
2024-08-27,47.23375183765652
2024-08-28,47.031387864070645
2024-08-29,49.86964848940965
2024-08-30,44.00251718913757
2024-08-31,35.45782038753679
2024-09-01,31.13814035951315
2024-09-02,42.610663592536305
2024-09-03,50.160379023951386
2024-09-04,44.64059519633814
2024-09-05,48.09830369045316
2024-09-06,45.78477145107761
2024-09-07,30.789547650277687
2024-09-08,28.482469921603702
2024-09-09,47.143488106207194
2024-09-10,50.02460163748328
2024-09-11,49.339122757523796
2024-09-12,46.45782041247611
2024-09-13,44.521173825107745
2024-09-14,34.7314086880537
2024-09-15,37.29070785376804
2024-09-16,44.29567848773958
2024-09-17,47.48850127694328
2024-09-18,51.10922502550837
2024-09-19,49.344105955740325
2024-09-20,45.79813090021377
2024-09-21,43.134515119637335
2024-09-22,44.366998812751945
2024-09-23,38.42881864544205
2024-09-24,40.61561340543748
2024-09-25,43.03360401232172
2024-09-26,42.74745243537193
2024-09-27,39.619411885565746
2024-09-28,36.46551341219143
2024-09-29,39.362652321017286
2024-09-30,43.79239074728086
2024-10-01,51.13113063627311
2024-10-02,50.643194710459674
2024-10-03,50.08885790521756
2024-10-04,48.31443710883349
2024-10-05,45.43581291437959
2024-10-06,43.42854598786439
2024-10-07,44.635336432822605
2024-10-08,43.65550002291036
2024-10-09,43.47711553794335
2024-10-10,47.918375489861795
2024-10-11,45.606246609073764
2024-10-12,38.27047865506197
2024-10-13,32.25733218844332
2024-10-14,38.75356870191419
2024-10-15,43.97875165383924
2024-10-16,40.64722705564333
2024-10-17,41.590784527870255
2024-10-18,42.47623053375634
2024-10-19,40.43867808283307
2024-10-20,34.83741030774706
2024-10-21,46.405269988229065
2024-10-22,49.27096360502448
2024-10-23,47.87102462304069
2024-10-24,43.0074759213361
2024-10-25,45.13011141757989
2024-10-26,43.140188438737354
2024-10-27,39.266198758690884
2024-10-28,46.06296757789281
2024-10-29,48.30774756977809
2024-10-30,48.0625767494947
2024-10-31,51.69551750205734
2024-11-01,44.343954771537035
2024-11-02,42.463252884967496
2024-11-03,31.482258717794537
2024-11-04,40.3345190541089
2024-11-05,40.06604827917084
2024-11-06,41.80770569321334
2024-11-07,44.276977303036084
2024-11-08,42.42839903353318
2024-11-09,39.93904071413776
2024-11-10,35.44380762458329
2024-11-11,42.60024973031098
2024-11-12,43.99289641952523
2024-11-13,46.17181978481832
2024-11-14,45.89432197381293
2024-11-15,41.523329532585215
2024-11-16,27.790315544050753
2024-11-17,20.744371087868025
2024-11-18,37.943867171678434
2024-11-19,35.25323419969614
2024-11-20,38.59717189640593
2024-11-21,31.341759117461713
2024-11-22,31.023643023668058
2024-11-23,30.925333182482337
2024-11-24,23.99811989981661
2024-11-25,42.562623851958655
2024-11-26,48.28534955318287
2024-11-27,50.08112572517159
2024-11-28,52.07184983490949
2024-11-29,52.40079569084153
2024-11-30,50.30116795795983
2024-12-01,46.9028201488148
2024-12-02,43.00951302352883
2024-12-03,44.85279429492771
2024-12-04,45.417500847292764
2024-12-05,38.26075426842437
2024-12-06,34.64309461118372
2024-12-07,44.68751303836625
2024-12-08,36.6164604003611
2024-12-09,32.460052821652006
2024-12-10,36.90866037078942
2024-12-11,43.63397450528311
2024-12-12,50.51444834168151
2024-12-13,51.32251559131356
2024-12-14,46.4593607493225
2024-12-15,43.46934315821302
2024-12-16,47.96593298138035
2024-12-17,52.47920518705756
2024-12-18,48.724377027258214
2024-12-19,46.08913292722214
2024-12-20,49.254924671492574
2024-12-21,43.01676268111825
2024-12-22,39.363575229925644
2024-12-23,50.84545915944393
2024-12-24,53.035862386032946
2024-12-25,47.694236497888156
2024-12-26,53.000239523512256
2024-12-27,52.49934325196411
2024-12-28,48.91400621589008
2024-12-29,42.54750016414138
2024-12-30,45.692538042540214
2024-12-31,43.38329546716858
2025-01-01,42.802462491807866
2025-01-02,49.97323533176736
2025-01-03,47.86962456840765
2025-01-04,39.616487321189865
2025-01-05,33.933634526309206
2025-01-06,42.32608841281323
2025-01-07,46.87310949666471
2025-01-08,45.72969801352756
2025-01-09,40.516332460036985
2025-01-10,41.38362452678668
2025-01-11,39.94015751200822
2025-01-12,28.856502006455848
2025-01-13,47.97446107508243
2025-01-14,45.09394450267054
2025-01-15,45.112870870480144
2025-01-16,45.5446994506459
2025-01-17,45.081054732988854
2025-01-18,40.78094453704197
2025-01-19,37.19410787228106
2025-01-20,43.93024219928198
2025-01-21,51.268069896457476
2025-01-22,54.31925468820441
2025-01-23,46.68872141235414
2025-01-24,45.10672545685622
2025-01-25,39.424310268388346
2025-01-26,43.033181199789794
2025-01-27,44.2311973118712
2025-01-28,44.68366461411658
2025-01-29,41.287486185370334
2025-01-30,44.66353528887301
2025-01-31,41.705942939398014
2025-02-01,33.821532547506145
2025-02-02,28.252954895223965
2025-02-03,34.02487955248167
2025-02-04,39.574905080264436
2025-02-05,33.60759935558183
2025-02-06,42.160674664951614
2025-02-07,32.556733784785784
2025-02-08,25.499075299469844
2025-02-09,18.565419239577004
2025-02-10,51.81842861723984
2025-02-11,41.675582911600266
2025-02-12,43.13418225671973
2025-02-13,49.38894136147677
2025-02-14,40.35299194630114
2025-02-15,26.30962340873282
2025-02-16,21.601947196024877
2025-02-17,39.33114641799645
2025-02-18,31.641911090345605
2025-02-19,27.901257835968106
2025-02-20,34.01545639122662
2025-02-21,40.920886287085494
2025-02-22,44.67697769429329
2025-02-23,37.359464885712676
2025-02-24,43.38429296431158
2025-02-25,42.641964681157006
2025-02-26,29.26599890818205
2025-02-27,26.910590425009666
2025-02-28,22.910928372803756
2025-03-01,14.798005027907463
2025-03-02,21.116070369353757
2025-03-03,26.990290359313075
2025-03-04,23.885205264552386
2025-03-05,28.93416898174138
2025-03-06,26.88855545632245
2025-03-07,35.32883317089084
2025-03-08,27.408845629775744
2025-03-09,21.477576245765874
2025-03-10,34.85131460270103
2025-03-11,38.76251814684244
2025-03-12,46.193273772358836
2025-03-13,46.78712614021931
2025-03-14,30.525403944778265
2025-03-15,22.180437522873444
2025-03-16,16.014049585408536
2025-03-17,38.06561231468877
2025-03-18,36.171578423676344
2025-03-19,32.23104335683687
2025-03-20,26.950988792068927
2025-03-21,23.068346083568358
2025-03-22,20.964964647571993
2025-03-23,27.154326589201517
2025-03-24,33.90426201830501
2025-03-25,34.26089240143183
2025-03-26,33.5550635260209
2025-03-27,30.059221936232145
2025-03-28,36.157721525969905
2025-03-29,31.98338800099574
2025-03-30,25.439925036552
2025-03-31,38.2535701236441
2025-04-01,37.36457706431292
2025-04-02,39.29681367011772
2025-04-03,44.87709084996859
2025-04-04,34.729159717921576
2025-04-05,26.488336955072153
2025-04-06,2.427486984384353
2025-04-07,40.030506193656194
2025-04-08,38.43151850261151
2025-04-09,35.92685032201608
2025-04-10,28.65771618570033
2025-04-11,36.85531909808296
2025-04-12,40.927646326931985
2025-04-13,38.05916573705048
2025-04-14,38.86822690592292
2025-04-15,44.18595806895138
2025-04-16,41.054567545994374
2025-04-17,28.24300129604709
2025-04-18,37.09300987460822
2025-04-19,47.17630490120154
2025-04-20,40.76449208841918
2025-04-21,32.07671516031347
2025-04-22,40.6590946151266
2025-04-23,40.59330830720629
2025-04-24,38.801458254495834
2025-04-25,41.97937906920914
2025-04-26,38.91689634124553
2025-04-27,26.743324249686903
2025-04-28,37.22568574116878
2025-04-29,39.32310156052609
2025-04-30,38.08478848679615
2025-05-01,20.514307403341846
2025-05-02,40.1758076515673
2025-05-03,41.94456588725753
2025-05-04,36.35746608750315
2025-05-05,34.81172031217291
2025-05-06,37.744444052966195
2025-05-07,40.85860597105675
2025-05-08,42.827485710821485
2025-05-09,40.49140878501326
2025-05-10,39.003945830814686
2025-05-11,38.66972231996649
2025-05-12,44.98826977737188
2025-05-13,41.085587773316064
2025-05-14,38.04046891623077
2025-05-15,37.945512041856276
2025-05-16,38.91559381936079
2025-05-17,36.30457350398729
2025-05-18,32.95936553465687
2025-05-19,41.833604531164674
2025-05-20,42.451069325032464
2025-05-21,36.44296661489445
2025-05-22,37.750689560970784
2025-05-23,36.56088829345059
2025-05-24,46.81633163071562
2025-05-25,34.69436805158191
2025-05-26,35.05602403073316
2025-05-27,37.130681256668744
2025-05-28,32.930235280999774
2025-05-29,27.0119196785755
2025-05-30,32.626386713319576
2025-05-31,19.17372427493612
2025-06-01,14.455956967063813
2025-06-02,43.44313344824258
2025-06-03,42.74581576983798
2025-06-04,46.2333667289335
2025-06-05,45.64256069793193
2025-06-06,43.79677238526706
2025-06-07,34.676894838272716
2025-06-08,29.434589497510025
2025-06-09,33.53509476762533
2025-06-10,39.35755625725851
2025-06-11,36.407175507540316
2025-06-12,34.68006664534117
2025-06-13,27.717080024027148
2025-06-14,22.232351163830295
2025-06-15,20.559179182739673
2025-06-16,39.48872847633878
2025-06-17,41.20828753680559
2025-06-18,43.51825228167116
2025-06-19,36.43076575174868
2025-06-20,34.58068049178989
2025-06-21,40.53149217743907
2025-06-22,37.843201979403915
2025-06-23,43.725858258411385
2025-06-24,47.527443337901445
2025-06-25,48.55509656218971
2025-06-26,43.14858357859339
2025-06-27,43.130617060395466
2025-06-28,40.30391220414921
2025-06-29,42.86391382026197
2025-06-30,47.07904800875909
2025-07-01,50.14710082486747
2025-07-02,49.01308837127521
2025-07-03,45.04548058460185
2025-07-04,46.880595258331525
2025-07-05,44.858665283241535
2025-07-06,42.162039830438424
2025-07-07,47.60941730686473
2025-07-08,48.74349848130034
2025-07-09,47.871015947941764
2025-07-10,51.89344163469737
2025-07-11,52.200821339812386
2025-07-12,43.63466063680662
2025-07-13,34.93982897470891
2025-07-14,45.81475932727439
2025-07-15,46.036622111772445
2025-07-16,42.62567090174392
2025-07-17,47.141171047006026
2025-07-18,47.06070583365611
2025-07-19,40.17214774869438
2025-07-20,33.056148743656884
2025-07-21,37.51932061164004
2025-07-22,38.22438126956922
2025-07-23,45.593551324563485
2025-07-24,43.87072518886358
2025-07-25,45.551425638640666
2025-07-26,45.40675348684538
2025-07-27,41.49047427062258
2025-07-28,44.06670127190198
2025-07-29,46.45844328636557
2025-07-30,48.17119841304739
2025-07-31,46.58757032687932
2025-08-01,45.48293550110009
2025-08-02,41.67767611816224
2025-08-03,41.691798261642234
2025-08-04,48.370742857393886
2025-08-05,50.30938662737475
2025-08-06,47.79708135246974
2025-08-07,47.24037603920421
2025-08-08,49.317898860356074
2025-08-09,48.12316839484127
2025-08-10,46.73712071622405
2025-08-11,40.51639549996596
2025-08-12,41.428314246651766
2025-08-13,41.151307447814
2025-08-14,41.33698433597846
2025-08-15,35.076413920784624
2025-08-16,44.39823418431851
2025-08-17,47.11094310507238
2025-08-18,46.99795171303383
2025-08-19,47.1640829192362
2025-08-20,45.63494198461751
2025-08-21,46.993429565944524
2025-08-22,41.8929752762189
2025-08-23,39.35026849684259
2025-08-24,34.710505062414896
2025-08-25,46.990309426570114
2025-08-26,45.93260267731968
2025-08-27,46.17246416332215
2025-08-28,46.5720157030217
2025-08-29,50.685489743317035
2025-08-30,49.57124709396276
2025-08-31,49.44748419707881
2025-09-01,50.68375851766069
2025-09-02,46.02611410308216
2025-09-03,45.039690285732995
2025-09-04,50.1165900699965
2025-09-05,51.37892329690283
2025-09-06,49.525655148912314
2025-09-07,46.025844009146915
2025-09-08,54.68047617615269
2025-09-09,53.8410381527125
2025-09-10,46.632512739188485
2025-09-11,44.16101814387694
2025-09-12,44.792255063661266
2025-09-13,42.62667562004317
2025-09-14,40.93009092799616
2025-09-15,45.38435010929287
2025-09-16,47.38430822649907
2025-09-17,46.24612779245387
2025-09-18,46.09384466503753
2025-09-19,45.44603174093534
2025-09-20,43.873365003725326
2025-09-21,43.53198152706347
2025-09-22,55.35941012802509
2025-09-23,52.07707643188664
2025-09-24,47.863544373037406
2025-09-25,49.107169508649775
2025-09-26,51.72756138962218
2025-09-27,46.01055458628154
2025-09-28,41.0277845247763
2025-09-29,52.13466921499239
2025-09-30,52.078278223739204
2025-10-01,49.921529177615234
2025-10-02,48.25431921069391
2025-10-03,51.513844476416814
2025-10-04,38.95193679732692
2025-10-05,16.822774095193754
2025-10-06,50.58221367536019
2025-10-07,53.86643988614393
2025-10-08,51.3010014403843
2025-10-09,50.22020515087495
2025-10-10,48.5717681931208
2025-10-11,45.85631618687862
2025-10-12,41.385954566812735
2025-10-13,40.29977017011671
2025-10-14,44.20588880940095
2025-10-15,42.50266320120179
2025-10-16,43.410223541191534
2025-10-17,44.53350433059381
2025-10-18,28.54423073053595
2025-10-19,20.36269628355297
2025-10-20,47.76928598951438
2025-10-21,46.57638798229201
2025-10-22,40.678213952074884
2025-10-23,44.78903365729615
2025-10-24,39.155642665956115
2025-10-25,37.327697215816606
2025-10-26,19.12235245390331
2025-10-27,45.513588825640824
2025-10-28,49.34321868460249
2025-10-29,47.227992242532665
2025-10-30,42.688733696034646
2025-10-31,46.32053769444987
2025-11-01,39.06771459633967
2025-11-02,34.68200506865193
2025-11-03,42.93080682358198
2025-11-04,44.0459513936813
2025-11-05,49.024077133659816
2025-11-06,48.250598913090535
2025-11-07,45.700576048376064
2025-11-08,33.98921342619912
2025-11-09,32.93186703862241
2025-11-10,44.9850687176046
2025-11-11,39.06698864048765
2025-11-12,37.80160073996718
2025-11-13,41.92826504599019
2025-11-14,40.05476509020035
2025-11-15,41.56661304083736
2025-11-16,45.486698023788385
2025-11-17,52.596515356620074
2025-11-18,52.836386509434966
2025-11-19,52.2092440340857
2025-11-20,50.70860939591122
2025-11-21,52.371854211580924
2025-11-22,46.73973557013084
2025-11-23,44.67316679160568
2025-11-24,49.13515043712897
2025-11-25,51.554418405320725
2025-11-26,49.49806398659528
2025-11-27,48.525263326716775
2025-11-28,47.20361967117402
2025-11-29,47.1459156845809
2025-11-30,44.0407761865376
2025-12-01,44.68355611460494
2025-12-02,34.16431073174855
2025-12-03,29.72682297288084
2025-12-04,38.13598162660082
2025-12-05,39.878832551305784
2025-12-06,18.33762129416659
2025-12-07,37.72581642731513
2025-12-08,44.965363328745646
2025-12-09,52.265078139018385
2025-12-10,43.997285403265586
2025-12-11,42.08285870217007
2025-12-12,41.32192153493339
2025-12-13,36.271329971898986
2025-12-14,30.01361036322188
2025-12-15,45.402714908291834
2025-12-16,45.014914998236456
2025-12-17,53.01610373310884
2025-12-18,54.757161628923754
2025-12-19,55.42589038567262
2025-12-20,51.239609200320174
2025-12-21,46.48033007662441
2025-12-22,55.96530415686218
2025-12-23,50.1493745231044
2025-12-24,51.72630716819825
2025-12-25,40.455553580562324
2025-12-26,54.66321108301875
2025-12-27,47.21640323577255
2025-12-28,42.91550441906967
2025-12-29,55.924622429920696
2025-12-30,58.93991323702781
2025-12-31,58.62660949623485
2026-01-01,49.829672977671926
2026-01-02,58.10280551502472
2026-01-03,56.57566025169338
2026-01-04,52.744186084600216
2026-01-05,57.226825855792555
2026-01-06,47.09513073540976
2026-01-07,55.88906857845499
2026-01-08,62.03929584464034
2026-01-09,56.678636664733524
2026-01-10,57.800750254933824
2026-01-11,49.750899369842486
2026-01-12,55.13113639459704
2026-01-13,58.520224023936485
2026-01-14,59.752894561780366
2026-01-15,56.810219214974936
2026-01-16,56.09552160544165
2026-01-17,54.485321284765675
2026-01-18,50.37604427123754
2026-01-19,59.40058550999456
2026-01-20,54.61188942672547
2026-01-21,56.75693775032805
2026-01-22,57.04971385179618
2026-01-23,59.59806526019887
2026-01-24,56.91049684763266
2026-01-25,52.76260639807621
2026-01-26,56.84330261911419
2026-01-27,54.43684278987539
2026-01-28,45.5323811082118
2026-01-29,50.672612254916096
2026-01-30,52.94329798685086
2026-01-31,51.911590780991055
2026-02-01,37.43973252335134
2026-02-02,45.25947538476647
2026-02-03,48.60139914289014
2026-02-04,52.62072965723491
2026-02-05,55.60303165944106
2026-02-06,57.61543182174021
2026-02-07,57.39151608166965
2026-02-08,53.254655049476526
2026-02-09,59.09663077582657
2026-02-10,53.68381911868809
2026-02-11,54.71191545075228
2026-02-12,58.29519254757296
2026-02-13,56.65445821113104
2026-02-14,58.69095671902003
2026-02-15,52.54638902178064
2026-02-16,60.51944056604928
2026-02-17,57.59445090360144
2026-02-18,59.876507941195
2026-02-19,55.820031910048655
2026-02-20,51.33544691718973
2026-02-21,50.58352067357287
2026-02-22,47.93103784113451
2026-02-23,56.50694129086483
2026-02-24,52.238476051288984
2026-02-25,52.532274139190434
2026-02-26,53.88904968070177
2026-02-27,54.14260131714655
2026-02-28,52.56441460922086
2026-03-01,52.85866179714423
2026-03-02,57.39648322984998
2026-03-03,56.578123264417115
2026-03-04,56.19793500170572
2026-03-05,56.739747239085276
2026-03-06,58.54425044612532
2026-03-07,48.66304630191597
2026-03-08,30.379385319044722
2026-03-09,53.49472264079061
2026-03-10,54.75910616619411
2026-03-11,50.94840203384124
2026-03-12,43.209257560490215
2026-03-13,47.86458257402178
2026-03-14,51.002726514846415
2026-03-15,36.20019587162804
2026-03-16,45.00814917394321
2026-03-17,50.140113388669
2026-03-18,42.978339514493655
2026-03-19,34.339354594518326
2026-03-20,33.64121643671492
2026-03-21,26.831656296181993
2026-03-22,21.84796950421299
2026-03-23,57.370850079633094
2026-03-24,57.53777144529581
2026-03-25,50.26384955689039
2026-03-26,46.81694124803059
2026-03-27,48.149453152355306
2026-03-28,44.86082326266734
2026-03-29,42.32107363327962
2026-03-30,47.41692606458662
2026-03-31,49.36598665772467
2026-04-01,47.891361892581095
2026-04-02,42.50008935863025
2026-04-03,42.07684637493407
2026-04-04,45.38117308206493
2026-04-05,45.1783707413102
2026-04-06,40.20264158547829
2026-04-07,46.27075724519692
2026-04-08,47.90999145073572
2026-04-09,42.94755534338754
2026-04-10,50.15584098550488
2026-04-11,39.88921468406691
2026-04-12,23.799083469925044
2026-04-13,39.34875838555819
2026-04-14,42.79638407975994
2026-04-15,48.393691987977185
2026-04-16,42.58866612482871
2026-04-17,42.11291287492131
2026-04-18,41.29429189275564
2026-04-19,37.10131574224823
2026-04-20,39.968667414057144
2026-04-21,40.01344183605012
2026-04-22,39.16343438732466
2026-04-23,40.34558843263121
2026-04-24,40.539580646260795
2026-04-25,45.50951017161447
2026-04-26,48.20219701474589
2026-04-27,49.354970840055245
2026-04-28,49.455322805610805
2026-04-29,47.28041188408388
2026-04-30,48.14573966000837
2026-05-01,29.645546305890687
2026-05-02,37.243983587605875
2026-05-03,20.318293892195207
2026-05-04,50.56964688411759
2026-05-05,51.1550988591794
2026-05-06,53.80587103550554
2026-05-07,45.32375627294454
2026-05-08,50.435817848674404
2026-05-09,48.40530831164104
2026-05-10,45.14458053743339
2026-05-11,48.47602810759674
2026-05-12,51.65601949894667
2026-05-13,52.014570036916076
2026-05-14,52.52867374316617
2026-05-15,48.48589590978508
2026-05-16,48.9855604384969
2026-05-17,38.04843032891898
2026-05-18,41.70454444132204
2026-05-19,45.690210504167894
2026-05-20,49.64654357727018
2026-05-21,52.47104910252333
2026-05-22,52.44928435082873
2026-05-23,45.62051096122964
2026-05-24,38.582874015279984
2026-05-25,48.93734132759705
2026-05-26,49.55078189765973
2026-05-27,52.63988075373389
2026-05-28,48.108972335319756
2026-05-29,48.32908394652022
2026-05-30,47.95737317267756
2026-05-31,44.61595486120532
2026-06-01,49.359594609467116
2026-06-02,49.324155623301046
2026-06-03,46.50724243873612
2026-06-04,45.95494795732999
2026-06-05,50.13162796860706
2026-06-06,46.996974403318234
2026-06-07,45.49918391556427
2026-06-08,53.816003228962664
2026-06-09,54.45527588490705
2026-06-10,51.81726420458263
2026-06-11,52.46802752716209
2026-06-12,51.19950887775418
2026-06-13,40.894277012945366
2026-06-14,28.055121544266523
2026-06-15,50.010438517425264
2026-06-16,53.19811540614164
2026-06-17,50.0645039190425
2026-06-18,50.90019045241766
2026-06-19,52.34316213750338
2026-06-20,50.025459379710156
2026-06-21,46.27373941756107
2026-06-22,49.34155798582003
2026-06-23,49.485839743739824
2026-06-24,45.679626700928594
2026-06-25,48.94640337850981
2026-06-26,48.76256888970991
2026-06-27,48.49052923428692
2026-06-28,46.06554721324743
2026-06-29,50.017162734553565
2026-06-30,46.75461135702758
2026-07-01,48.4549824726988
2026-07-02,51.56398700614325
2026-07-03,51.57601039872804
2026-07-04,53.72596354504367
2026-07-05,48.6763189096694
2026-07-06,53.757304222291054
2026-07-07,52.282730565950146
2026-07-08,53.35037388089982
2026-07-09,49.13464581383639
2026-07-10,46.28184754201756
2026-07-11,46.93155426123915
2026-07-12,45.92003302044816
2026-07-13,30.24249492858007
2026-07-14,26.974348449716736
2026-07-15,30.496239940430268
2026-07-16,39.25182014481908
2026-07-17,36.24173309139085
2026-07-18,43.04120716044503
2026-07-19,33.95578632407294
2026-07-20,30.455174046136793
2026-07-21,29.62598908545298
2026-07-22,34.49792891714878
2026-07-23,35.47729851917755
2026-07-24,32.15982501502076
2026-07-25,19.791457720353755
2026-07-26,29.52914181860389
2026-07-27,40.31957629762849
2026-07-28,35.82449747007502
2026-07-29,36.54414492142765
2026-07-30,38.466382960035816
2026-07-31,26.404691911359688
2026-08-01,23.235038250850668
2026-08-02,23.39013297313572
2026-08-03,31.79698893364843
2026-08-04,39.930961608146596
2026-08-05,37.52267160881102
2026-08-06,41.53967848796214
2026-08-07,47.23346867826629
2026-08-08,48.66039459198547
2026-08-09,48.50623370833689
2026-08-10,42.85862699233961
2026-08-11,40.76263270265657
2026-08-12,42.78528388444045
2026-08-13,42.634759348263536
2026-08-14,39.54260023366696
2026-08-15,33.695849865135706
2026-08-16,27.676554759224576
2026-08-17,37.53905798860625
2026-08-18,46.39275194804196
2026-08-19,41.27982879684568
2026-08-20,42.29846877434188
2026-08-21,41.62183922249852
2026-08-22,36.28545967141394
2026-08-23,33.44784797857849
2026-08-24,50.36595176083561
2026-08-25,52.93004623407123
2026-08-26,52.910449764090764
2026-08-27,51.13445325627289
2026-08-28,48.03250233304681
2026-08-29,49.23029937810033
2026-08-30,45.165112148748875
2026-08-31,50.76553352849226
2026-09-01,55.086547045959286
2026-09-02,52.19194854241641
2026-09-03,45.59609397933366
2026-09-04,42.57060047465848
2026-09-05,36.92528483898301
2026-09-06,37.63650634474191
2026-09-07,55.6132150216313
2026-09-08,54.45354270636786
2026-09-09,53.80687180514614
2026-09-10,52.53644504129362
2026-09-11,51.787491268913364
2026-09-12,51.055074322862126
2026-09-13,45.50395139709249
2026-09-14,49.01940468541072
2026-09-15,57.659100967285916
2026-09-16,54.32569685370332
2026-09-17,53.77662224935755
2026-09-18,50.78153766237511
2026-09-19,47.96408682482684
2026-09-20,47.22806891893867
2026-09-21,51.16269585573627
2026-09-22,49.80787613378313
2026-09-23,49.07441854424585
2026-09-24,47.10662321631118
2026-09-25,47.67729521862694
2026-09-26,50.589898748249865
2026-09-27,43.42994821376898
2026-09-28,52.987663455385125
2026-09-29,57.86519517700928
2026-09-30,54.486330619517716
2026-10-01,52.58454348561021
2026-10-02,53.89113222890578
2026-10-03,46.33794061966947
2026-10-04,42.54514534977348
2026-10-05,50.734452806771515
2026-10-06,51.361027266773455
2026-10-07,50.37522975299155
2026-10-08,51.04913436253063
2026-10-09,52.52094115704223
2026-10-10,45.48572054931032
2026-10-11,42.24882010675065
2026-10-12,45.103945795015356
2026-10-13,54.94332896136207
2026-10-14,48.49141681199602
2026-10-15,45.8720686719457
2026-10-16,39.4908955141369
2026-10-17,40.20001302465692
2026-10-18,23.646556692545964
2026-10-19,46.99363172879939
2026-10-20,45.70456354734013
2026-10-21,43.2410214294224
2026-10-22,36.41078134048066
2026-10-23,44.41861521255809
2026-10-24,48.90296807484106
2026-10-25,46.508753840897
2026-10-26,47.415672176735534
2026-10-27,52.169697548295204
2026-10-28,49.46151000751104
2026-10-29,46.17769937544838
2026-10-30,51.560348462539125
2026-10-31,54.962361700116915
2026-11-01,48.86686509610449
2026-11-02,36.73587979509339
2026-11-03,45.78456182109301
2026-11-04,48.34842550871372
2026-11-05,50.32050115885187
2026-11-06,47.92334688901191
2026-11-07,45.94961543819331
2026-11-08,45.95381188910767
2026-11-09,54.724505620969595
2026-11-10,51.34830974078762
2026-11-11,47.420514029750144
2026-11-12,46.6082839810427
2026-11-13,46.82023303993567
2026-11-14,43.98672448262805
2026-11-15,41.13462236286488
2026-11-16,50.455507792530824
2026-11-17,51.45810146775412
2026-11-18,47.2160887639414
2026-11-19,41.10729929881749
2026-11-20,35.6982518619961
2026-11-21,35.92593343558856
2026-11-22,44.55259198436754
2026-11-23,50.64690876714474
2026-11-24,52.49980469357208
2026-11-25,54.72569265307745
2026-11-26,52.204895835173566
2026-11-27,50.119266292180505
2026-11-28,51.221139756075495
2026-11-29,53.53036299156597
2026-11-30,50.79682680180332
2026-12-01,51.47193481327472
2026-12-02,46.93970084777245
2026-12-03,52.11002863027889
2026-12-04,49.22766175070765
2026-12-05,41.36249386562023
2026-12-06,35.76490809643929
2026-12-07,32.43873172867941
2026-12-08,35.035388417076206
2026-12-09,41.289912317914634
2026-12-10,51.13682251855568
2026-12-11,41.42903983226669
2026-12-12,34.738518091176225
2026-12-13,27.851852677841837
2026-12-14,40.697225088287944
2026-12-15,39.08063424417137
2026-12-16,38.182917356999084
2026-12-17,37.41099987124618
2026-12-18,42.753871060801096
2026-12-19,44.158335809177416
2026-12-20,33.55054927009937
2026-12-21,39.76200176719096
2026-12-22,38.18798084053116
2026-12-23,33.17841566335168
2026-12-24,40.06279456931376
2026-12-25,18.284096578548564
2026-12-26,29.386999998272593
2026-12-27,26.82620515963349
2026-12-28,48.724295094505074
2026-12-29,58.54024287844478
2026-12-30,65.31798361682007
2026-12-31,60.105988678438614
2027-01-01,52.36931059464257
2027-01-02,46.89228863453144
2027-01-03,41.673330539096554
2027-01-04,58.34903394184958
2027-01-05,61.31051775685106
2027-01-06,43.13032252461074
2027-01-07,49.12794457220937
2027-01-08,52.79054430053532
2027-01-09,53.8333904873519
2027-01-10,51.77600342627182
2027-01-11,44.23257617465022
2027-01-12,41.62448134260987
2027-01-13,40.86066928863495
2027-01-14,46.79050352089682
2027-01-15,33.648117400416126
2027-01-16,27.893887118282798
2027-01-17,27.238655637702305
2027-01-18,36.62724381384835
2027-01-19,47.34318263779759
2027-01-20,44.166597968679504
2027-01-21,47.63577309567583
2027-01-22,54.036398812061364
2027-01-23,53.50732852403024
2027-01-24,53.05803702249824
2027-01-25,47.58293927892308
2027-01-26,53.913326068887116
2027-01-27,56.48896070793286
2027-01-28,55.54237774930428
2027-01-29,58.565736572489485
2027-01-30,62.08108007195958
2027-01-31,50.25646653177847
2027-02-01,63.833380210087874
2027-02-02,66.80570236491975
2027-02-03,64.16899665642919
2027-02-04,63.65775418036421
2027-02-05,62.62702713966604
2027-02-06,52.69332083072053
2027-02-07,37.28920782261582
2027-02-08,60.08060036070945
2027-02-09,60.816280146200036
2027-02-10,57.52668253189191
2027-02-11,50.62337188441063
2027-02-12,48.40337404302002
2027-02-13,40.72788894929568
2027-02-14,27.026133767252965
2027-02-15,40.72757480166415
2027-02-16,56.63404480066928
2027-02-17,54.41752686092419
2027-02-18,55.62901898059666
2027-02-19,59.30821435119298
2027-02-20,48.49925000848076
2027-02-21,43.344632186684954
2027-02-22,53.732336359778635
2027-02-23,52.273679590579
2027-02-24,56.53212696234157
2027-02-25,59.31606705215789
2027-02-26,56.501319758850684
2027-02-27,51.62013869829713
2027-02-28,51.587870331285195
2027-03-01,57.6052377169613
2027-03-02,57.273384845973524
2027-03-03,54.810963011052536
2027-03-04,58.73543677758522
2027-03-05,56.501649181998644
2027-03-06,57.20850396156075
2027-03-07,56.78706750931098
2027-03-08,53.369383885797
2027-03-09,50.07887158572232
2027-03-10,47.02501710768435
2027-03-11,53.426063210399015
2027-03-12,49.383082030163166
2027-03-13,46.50214249765874
2027-03-14,46.2074192832896
2027-03-15,47.49987856163474
2027-03-16,50.24934495403318
2027-03-17,52.25335970994097
2027-03-18,49.313996972553724
2027-03-19,46.840003511935805
2027-03-20,35.50018238244791
2027-03-21,28.741440300608307
2027-03-22,55.933645286736066
2027-03-23,50.87216379348884
2027-03-24,41.68046972167324
2027-03-25,35.42206586494517
2027-03-26,42.68583798811406
2027-03-27,50.60894102495708
2027-03-28,32.39770924171741
2027-03-29,41.52993792891369
2027-03-30,47.40133728234663
2027-03-31,50.860201949632945
2027-04-01,54.93639738426173
2027-04-02,57.267805840773775
2027-04-03,57.17360813561557
2027-04-04,52.19994020503539
2027-04-05,54.030528282076254
2027-04-06,56.149292838167376
2027-04-07,54.58861918464178
2027-04-08,52.00793931463533
2027-04-09,49.969168702759745
2027-04-10,51.38672230219775
2027-04-11,40.2210243066499
2027-04-12,54.72575559729229
2027-04-13,58.2477961370029
2027-04-14,58.062646673802526
2027-04-15,58.00417828766445
2027-04-16,51.773429559195954
2027-04-17,43.564171895993034
2027-04-18,37.58735718045261
2027-04-19,51.758162707861885
2027-04-20,52.62453016899254
2027-04-21,51.676020032571785
2027-04-22,51.11061384720545
2027-04-23,52.93332321514911
2027-04-24,41.597982012385366
2027-04-25,19.697077011727764
2027-04-26,23.59692881595452
2027-04-27,51.65268247064562
2027-04-28,46.16242496053779
2027-04-29,44.20811404318327
2027-04-30,35.298989886455615
2027-05-01,7.783738950602964
2027-05-02,3.054828116678052
2027-05-03,50.76485838337539
2027-05-04,56.10535542104958
2027-05-05,50.058425544888664
2027-05-06,47.408013364026665
2027-05-07,47.12794593343671
2027-05-08,47.906228706000014
2027-05-09,46.61868576048641
2027-05-10,51.77849102772025
2027-05-11,50.10278135563148
2027-05-12,52.6287246256552
2027-05-13,55.66282759975113
2027-05-14,50.934171455364286
2027-05-15,49.752331073703154
2027-05-16,50.1226488076294
2027-05-17,46.97145204400135
2027-05-18,49.95966306387012
2027-05-19,52.21727175777671
2027-05-20,51.32285786152053
2027-05-21,48.958087413599614
2027-05-22,45.96823713330965
2027-05-23,47.803657842518604
2027-05-24,52.69983867151888
2027-05-25,59.740268290200724
2027-05-26,59.14550763627867
2027-05-27,58.30455016860088
2027-05-28,57.50749009218894
2027-05-29,54.92001164258029
2027-05-30,51.96138423201452
2027-05-31,47.841354209402844
2027-06-01,29.212554361962493
2027-06-02,50.71562883883696
2027-06-03,48.55851873428298
2027-06-04,53.07098843804868
2027-06-05,50.73604223594692
2027-06-06,49.90071150639785
2027-06-07,53.82830216733377
2027-06-08,52.40938693401416
2027-06-09,51.33135725883369
2027-06-10,47.72168483117316
2027-06-11,52.360458562342146
2027-06-12,47.14506743318574
2027-06-13,45.107009722670995
2027-06-14,52.674625669052
2027-06-15,56.310641354070164
2027-06-16,54.38258834303732
2027-06-17,56.07150464472377
2027-06-18,54.29968406121218
2027-06-19,51.54397478412719
2027-06-20,49.53888619295725
2027-06-21,55.882042927977686
2027-06-22,54.42976873683527
2027-06-23,54.813867411669705
2027-06-24,52.48148035859379
2027-06-25,46.20364090162044
2027-06-26,41.37910063276724
2027-06-27,36.41972059534275
2027-06-28,47.31341850843725
2027-06-29,45.222672356750344
2027-06-30,46.58561799841468
2027-07-01,40.90849439311982
2027-07-02,42.785763776336026
2027-07-03,42.90815141685953
2027-07-04,36.59283078456069
2027-07-05,52.18748437842692
2027-07-06,57.51534773432119
2027-07-07,58.52679772598224
2027-07-08,59.668447514793456
2027-07-09,59.50115912755327
2027-07-10,58.296377556659856
2027-07-11,53.397564142905075
2027-07-12,51.23821215288252
2027-07-13,53.97644940237159
2027-07-14,52.33698770015181
2027-07-15,52.952914558855454
2027-07-16,54.52688102625749
2027-07-17,54.13239607707284
2027-07-18,53.269753822124216
2027-07-19,55.55883574032027
2027-07-20,50.577673829987276
2027-07-21,46.74067336129431
2027-07-22,46.53935539253074
2027-07-23,47.51114581012693
2027-07-24,40.73784366426085
2027-07-25,25.732171744837515
2027-07-26,58.00896661013142
2027-07-27,60.33620001398954
2027-07-28,58.750628088727176
2027-07-29,56.027384570575414
2027-07-30,54.76704961950844
2027-07-31,46.17784715126756
2027-08-01,48.61694601544528
2027-08-02,54.18920706505322
2027-08-03,57.693664205158335
2027-08-04,61.16753735707965
2027-08-05,58.73818059907964
2027-08-06,55.51333637495514
2027-08-07,53.77248762079951
2027-08-08,54.961290944866725
2027-08-09,46.455065357720876
2027-08-10,48.37324720482774
2027-08-11,51.07579595252426
2027-08-12,53.303480735898475
2027-08-13,51.46121507435304
2027-08-14,50.22220747439633
2027-08-15,50.29345834106437
2027-08-16,53.8748746286418
2027-08-17,51.76337199511631
2027-08-18,48.78613340875297
2027-08-19,48.91985157630744
2027-08-20,49.78117112526556
2027-08-21,47.44754222588458
2027-08-22,45.04657927334712
2027-08-23,48.77657185271019
2027-08-24,53.07830987919268
2027-08-25,56.77150802869109
2027-08-26,55.898694930307
2027-08-27,56.73819983753016
2027-08-28,55.21683777075922
2027-08-29,56.09689120569233
2027-08-30,64.60699732545174
2027-08-31,65.49274062211987
2027-09-01,62.55363086274695
2027-09-02,56.15763143556654
2027-09-03,57.435648134848726
2027-09-04,49.317541512254515
2027-09-05,33.07775818583278
2027-09-06,53.1318060037855
2027-09-07,56.038912854706545
2027-09-08,56.66513641477151
2027-09-09,54.74446419793456
2027-09-10,47.68707486085389
2027-09-11,40.1933945812708
2027-09-12,41.23345963791594
2027-09-13,51.00080167492853
2027-09-14,54.68323797845965
2027-09-15,56.205201153877475
2027-09-16,63.033487714264055
2027-09-17,64.99120072959721
2027-09-18,58.69992656684953
2027-09-19,47.010044982648786
2027-09-20,40.54800450919519
2027-09-21,43.70951707305511
2027-09-22,55.029019730551184
2027-09-23,53.483766947418324
2027-09-24,46.82752558284349
2027-09-25,32.90112265648874
2027-09-26,19.141550661150287
2027-09-27,52.72548067712111
2027-09-28,51.57184622553683
2027-09-29,57.13217821448863
2027-09-30,56.27293940724015
2027-10-01,47.84530707395872
2027-10-02,28.113449660985403
2027-10-03,9.769550546446848
2027-10-04,42.06344921526272
2027-10-05,37.396457174295705
2027-10-06,40.05028647687406
2027-10-07,42.26524388123379
2027-10-08,46.70329083375525
2027-10-09,36.8571361678449
2027-10-10,31.255268046567284
2027-10-11,38.226196706585355
2027-10-12,42.026066549513224
2027-10-13,54.21620513990231
2027-10-14,47.725578401637286
2027-10-15,46.017016321818694
2027-10-16,49.948305222913284
2027-10-17,53.53524349412343
2027-10-18,43.22794426969558
2027-10-19,43.48762530283564
2027-10-20,50.76495824455797
2027-10-21,54.35855277178634
2027-10-22,56.713109769229185
2027-10-23,50.83711490744626
2027-10-24,44.762382367039066
2027-10-25,47.32978624233206
2027-10-26,56.973243723183195
2027-10-27,50.83621179300145
2027-10-28,48.73705640960432
2027-10-29,50.873742738663715
2027-10-30,42.29298518275272
2027-10-31,39.118245669854716
2027-11-01,51.14328582918144
2027-11-02,59.939622466519175
2027-11-03,59.50213902591401
2027-11-04,57.10255982018424
2027-11-05,54.22036255415748
2027-11-06,49.166914351228186
2027-11-07,48.719784223743076
2027-11-08,54.63963165900554
2027-11-09,55.591538274294244
2027-11-10,54.37420351532887
2027-11-11,57.27709801405906
2027-11-12,55.402357955121055
2027-11-13,41.9675819438035
2027-11-14,34.175315918869174
2027-11-15,46.76100923098866
2027-11-16,52.274507060086876
2027-11-17,53.673786121241655
2027-11-18,50.60598976143012
2027-11-19,48.531713952959976
2027-11-20,43.5598453541322
2027-11-21,51.040552657493755
2027-11-22,55.55935363676763
2027-11-23,53.48275860721517
2027-11-24,54.45041463595698
2027-11-25,56.59584321543536
2027-11-26,58.07393632464574
2027-11-27,59.23506109519208
2027-11-28,56.517425757688
2027-11-29,54.63225359405067
2027-11-30,56.81404876351214
2027-12-01,54.543427538788606
2027-12-02,59.83751254967348
2027-12-03,56.30054304585962
2027-12-04,54.69022514647441
2027-12-05,58.28446127689673
2027-12-06,56.42968501901425
2027-12-07,61.4418877408594
2027-12-08,55.56923023062471
2027-12-09,59.637651842042835
2027-12-10,53.904076815497675
2027-12-11,63.07623724122092
2027-12-12,55.660806481712996
2027-12-13,68.21648851494814
2027-12-14,60.952028158517315
2027-12-15,54.050672086770305
2027-12-16,51.36503827691313
2027-12-17,56.23272406576084
2027-12-18,45.98439010001688
2027-12-19,45.25679421386035
2027-12-20,61.698668632501786
2027-12-21,63.86746981081104
2027-12-22,58.29231339168186
2027-12-23,53.409878865799485
2027-12-24,51.800027033780566
2027-12-25,33.78565682831642
2027-12-26,40.947768322812315
2027-12-27,60.29884293999394
2027-12-28,54.868850285444886
2027-12-29,56.854160291755186
2027-12-30,57.293354574154684
2027-12-31,52.61938924404787
2028-01-01,40.250421181641656
2028-01-02,40.608591355759366
2028-01-03,49.85280435638097
2028-01-04,60.098237053033934
2028-01-05,54.70684321855528
2028-01-06,46.3330782055718
2028-01-07,51.87657566028174
2028-01-08,46.4173808072677
2028-01-09,44.76641004107229
2028-01-10,47.045551601738154
2028-01-11,45.325015418245805
2028-01-12,44.58680042614311
2028-01-13,43.33794326374084
2028-01-14,48.1972762094697
2028-01-15,49.288985220426085
2028-01-16,39.14704395375795
2028-01-17,44.70930887969207
2028-01-18,43.087564132701544
2028-01-19,38.44534491396618
2028-01-20,44.70917908487476
2028-01-21,37.69188881148611
2028-01-22,34.30254345620094
2028-01-23,31.768188556873913
2028-01-24,53.42735931506689
2028-01-25,57.8271926803527
2028-01-26,60.25298758510674
2028-01-27,54.99344636191198
2028-01-28,53.29512923987496
2028-01-29,49.0204964842584
2028-01-30,44.82043309600723
2028-01-31,47.86973470420633
2028-02-01,46.266391506519064
2028-02-02,47.398648489568984
2028-02-03,50.906087834303264
2028-02-04,54.88882446710225
2028-02-05,55.31110629166909
2028-02-06,55.24020567663925
2028-02-07,62.09906299820064
2028-02-08,64.81670439964907
2028-02-09,61.404150373970914
2028-02-10,60.62436489294589
2028-02-11,56.04688157063844
2028-02-12,46.59306158550153
2028-02-13,45.90227748961047
2028-02-14,55.4142718504468
2028-02-15,60.307728799032695
2028-02-16,63.06989425785834
2028-02-17,61.311803952007274
2028-02-18,58.62959624586175
2028-02-19,59.93985519799872
2028-02-20,51.50719796132513
2028-02-21,60.53156316850229
2028-02-22,60.425419264143486
2028-02-23,54.26798112278115
2028-02-24,57.18938861398868
2028-02-25,54.421045544864825
2028-02-26,55.73769051327742
2028-02-27,31.462227036749944
2028-02-28,58.40964760018343
2028-02-29,61.95199949979336
2028-03-01,59.42462326649958
2028-03-02,54.02851411927223
2028-03-03,58.05778610746699
2028-03-04,54.297011142097695
2028-03-05,46.69355997349151
2028-03-06,49.17599634158899
2028-03-07,55.336084465631785
2028-03-08,53.972983522644896
2028-03-09,59.219080792781234
2028-03-10,58.29461590837079
2028-03-11,47.88818717534246
2028-03-12,22.75694105116106
2028-03-13,47.209725648124554
2028-03-14,49.23883519365272
2028-03-15,53.18528360095712
2028-03-16,47.104127896791404
2028-03-17,44.7807642649698
2028-03-18,21.334997103238152
2028-03-19,12.103594246290802
2028-03-20,45.990816778938886
2028-03-21,52.348171411616796
2028-03-22,56.61809181920543
2028-03-23,54.96524335284724
2028-03-24,51.24796805613349
2028-03-25,54.32541991734881
2028-03-26,50.453924630606025
2028-03-27,58.31012259176255
2028-03-28,53.19461068384632
2028-03-29,43.638189556543786
2028-03-30,47.45770594103633
2028-03-31,49.717931506833764
2028-04-01,38.051092161436706
2028-04-02,21.89357181676667
2028-04-03,49.229695620859
2028-04-04,49.04464901204047
2028-04-05,47.678690449404336
2028-04-06,43.34664637720883
2028-04-07,52.90220616044886
2028-04-08,42.57595138576888
2028-04-09,31.053034674148382
2028-04-10,55.271555238042005
2028-04-11,53.83537141608955
2028-04-12,56.14718338547423
2028-04-13,46.88362346316846
2028-04-14,16.39429187497013
2028-04-15,43.557955649143096
2028-04-16,28.303523660091848
2028-04-17,56.10688827152212
2028-04-18,54.25685081576985
2028-04-19,55.131429126906674
2028-04-20,56.71846056436965
2028-04-21,58.914741036979244
2028-04-22,54.67902750180327
2028-04-23,51.56512562508786
2028-04-24,58.44157351839642
2028-04-25,56.126739024786815
2028-04-26,56.890274219006685
2028-04-27,47.49416225257056
2028-04-28,48.90170312328316
2028-04-29,34.164655154487605
2028-04-30,15.988709102189123
2028-05-01,21.653982723399825
2028-05-02,54.847671996396194
2028-05-03,49.69756455500287
2028-05-04,53.53343495873879
2028-05-05,41.85749159126981
2028-05-06,42.803755422093246
2028-05-07,22.538234001216473
2028-05-08,54.74593332457167
2028-05-09,58.826609130500685
2028-05-10,56.32688150667547
2028-05-11,52.35307443860638
2028-05-12,55.86387727693891
2028-05-13,52.53928542138298
2028-05-14,44.34392660642436
2028-05-15,28.102400859345927
2028-05-16,38.54635948150379
2028-05-17,39.48859120218194
2028-05-18,42.739427230636004
2028-05-19,29.50192353718728
2028-05-20,22.99730541855833
2028-05-21,18.565246705633076
2028-05-22,31.969465580394367
2028-05-23,45.851109295171575
2028-05-24,43.67804111618653
2028-05-25,48.20743995333933
2028-05-26,54.692468329470266
2028-05-27,56.43765418140528
2028-05-28,53.20830709769711
2028-05-29,50.12400436687504
2028-05-30,49.53088755185823
2028-05-31,53.392446548309884
2028-06-01,55.94198022291565
2028-06-02,55.93748667195011
2028-06-03,55.51324484286087
2028-06-04,46.738796167118416
2028-06-05,51.09269316324611
2028-06-06,53.468209691519945
2028-06-07,52.214816735606504
2028-06-08,48.093909434596206
2028-06-09,53.14553104498112
2028-06-10,49.29867177180748
2028-06-11,46.734731674900054
2028-06-12,54.9851150071951
2028-06-13,54.98009016906396
2028-06-14,59.006995636001136
2028-06-15,61.1167177898933
2028-06-16,58.67102262306769
2028-06-17,54.93622337661414
2028-06-18,56.46737445585844
2028-06-19,59.45504592445059
2028-06-20,59.470076169239015
2028-06-21,58.379142982627805
2028-06-22,60.96129771524416
2028-06-23,58.41865479497871
2028-06-24,61.00947395634136
2028-06-25,61.196782901251595
2028-06-26,54.365314995260476
2028-06-27,53.975556464459366
2028-06-28,55.1139320723766
2028-06-29,57.51311954209982
2028-06-30,57.25169264231927
2028-07-01,56.53935596621415
